种子文件名,磁力链接,类型,季,分辨率,发行组,大小GB,中文名称,英文名称,原始名,国家/地区,年份,TMDB ID,备注
21世纪大君夫人[全12集][简繁英字幕].Perfect.Crown.S01.1080p.DSNP.WEB-DL.AAC.2.0.H.264-BlackTV 27.52GB.torrent,magnet:?xt=urn:btih:807A1B1474095C63B721DDA6C5295AF4AF92E089,电视剧,1,1080p,BlackTV,27.52,21世纪大君夫人,Perfect Crown,21세기 대군부인,韩国,2026,278573,
56天[全8集][简繁英字幕].56.Days.S01.1080p.AMZN.WEB-DL.DDP.5.1.H.264-BlackTV 16.12GB.torrent,magnet:?xt=urn:btih:C961906AA3D992E767A62F66066BE3B32DA505DD,电视剧,1,1080p,BlackTV,16.12,56天,56 Days,56 Days,美国,2026,241372,
DNA恋人[全16集][中文字幕].DNA.Lover.S01.1080p.WEB-DL.AAC2.0.H.264-BlackTV 58.69GB.torrent,magnet:?xt=urn:btih:5B17D28AA72AC1A01BDE750B42808FDBA2D2D98A,电视剧,1,1080p,BlackTV,58.69,DNA恋人,DNA Lover,DNA러버,韩国,2024,240622,
Doctor异乡人[全20集][中文字幕].Doctor.Stranger.S01.1080p.HamiVideo.WEB-DL.AAC2.0.H.264-BlackTV 66.04GB.torrent,magnet:?xt=urn:btih:70A198F79B7DCB7C564590A40A875D42A8CB324D,电视剧,1,1080p,BlackTV,66.04,Doctor异乡人,Doctor Stranger,닥터 이방인,韩国,2014,60956,
It’s.Not.Like.That[全8集][无字片源].Its.Not.Like.That.S01.1080p.AMZN.WEB-DL.DDP.5.1.H.264-BlackTV 21.60GB.torrent,magnet:?xt=urn:btih:D869406E1CF4DD49E8EAE93E45854AA0F5CC3982,电视剧,1,1080p,BlackTV,21.6,并非如此,It's Not Like That,It's Not Like That,美国,2026,308402,
It’s.Not.Like.That[全8集][无字片源].Its.Not.Like.That.S01.2160p.AMZN.WEB-DL.DDP.5.1.H.265-BlackTV 41.10GB.torrent,magnet:?xt=urn:btih:BF420AB90C7F3BF4C851EA06A665A751F2F1A666,电视剧,1,2160p,BlackTV,41.1,并非如此,It's Not Like That,It's Not Like That,美国,2026,308402,
It’s.Not.Like.That[全8集][无字片源].Its.Not.Like.That.S01.2160p.AMZN.WEB-DL.DDP.5.1.HDR10.H.265-BlackTV 53.80GB.torrent,magnet:?xt=urn:btih:69A7EA18EADAB469ECE27F0E66CCADA7E7B9F4AF,电视剧,1,2160p,BlackTV,53.8,并非如此,It's Not Like That,It's Not Like That,美国,2026,308402,
X！又是星期一[全22集][国语配音中文字幕].Monday.Again.S01.1080p.MyVideo.WEB-DL.AAC2.0.H.264-BlackTV 13.74GB.torrent,magnet:?xt=urn:btih:DE69E858EBBF382E71DB539963CA8FC0BD4685CE,电视剧,1,1080p,BlackTV,13.74,又是星期一,Monday Again?!,Ｘ！又是星期一,台湾,2024,221820,
一杆入魂.第一季[杜比视界版本][全10集][简繁英字幕].2160p.Apple.TV.WEB-DL.DDP.5.1.Atmos.DV.H.265-BlackTV 57.07GB.torrent,magnet:?xt=urn:btih:CC4DDE60D5F7CBC746A368A6C537D87A5B295702,电视剧,1,2160p,BlackTV,57.07,一杆入魂,Stick,Stick,美国,2025,248830,
一生一世[全30集][国语配音中文字幕].Forever.and.Ever.S01.1080p.HamiVideo.WEB-DL.AAC2.0.H.264-BlackTV 78.56GB.torrent,magnet:?xt=urn:btih:F840990BCD6BC0E530EDD7F9293E8BC247CF9B42,电视剧,1,1080p,BlackTV,78.56,一生一世,Forever and Ever,Alto Astral,巴西,2014,86198,
一碗江湖[全8集][国语配音中文字幕].1080p.CATCHPLAY.WEB-DL.AAC2.0.H.264-BlackTV 5.07GB.torrent,magnet:?xt=urn:btih:60C24B34A6BE2CB8E8644C6D79DA7F150431BB6A,综艺,,1080p,BlackTV,5.07,一碗江湖,一碗江湖,一碗江湖,中国,2024,290558,
一箱情缘[全8集][简繁英字幕].The.Trunk.S01.2160p.NF.WEB-DL.DDP.5.1.Atmos.HDR10.H.265-BlackTV 49.55GB.torrent,magnet:?xt=urn:btih:50C292D6968DB7287702FEFB5604EF7EEAF28A5B,电视剧,1,2160p,BlackTV,49.55,一箱情缘,The Trunk,트렁크,韩国,2024,230777,
一见·南侨[全25集][国语配音中文字幕].2026.1080p.WEB-DL.H264.AAC-BlackTV 3.66GB.torrent,magnet:?xt=urn:btih:090B2B2EB958193423B8566123293B16F73BDE1B,电视剧,,1080p,BlackTV,3.66,一见/南侨,The First Sight of Nanyang Overseas Chinese,一见·南侨,中国,2026,322018,
上载新生.第三季[全8集][简繁英字幕].Upload.S03.REPACK.2160p.Amazon.WEB-DL.DDP5.1.H.265-BlackTV 28.50GB.torrent,magnet:?xt=urn:btih:B18B6E0514EDFB888B45AC6BD65E778DE4B2FF13,综艺,3,2160p,BlackTV,28.5,上载新生,Upload,Upload,美国,2020,86248,
下落不明[全9集][无字片源].M.I.A.S01.1080p.Peacock.WEB-DL.DDP.5.1.H.264-BlackTV 18.04GB.torrent,magnet:?xt=urn:btih:E0094EA6381A419EA0F5EDDBB52279148D81B1FD,电视剧,1,1080p,BlackTV,18.04,下落不明,M.I.A.,M.I.A.,美国,2026,262388,
不够善良的我们[全8集][国语配音中文字幕].Imperfect.Us.S01.1080p.NF.WEB-DL.DDP.5.1.H.264-BlackTV 17.10GB.torrent,magnet:?xt=urn:btih:989386165F929E048F4299F7EFDB9AC74E76BFD3,电视剧,1,1080p,BlackTV,17.1,不够善良的我们,Imperfect Us,不夠善良的我們,台湾,2024,235081,
不是机器人啊[全16集][简繁英字幕].Im.not.a.robot.S01.1080p.NF.WEB-DL.AAC.2.0.H.264-BlackTV 30.00GB.torrent,magnet:?xt=urn:btih:9FF1A852207A944FA1D237A78BAD8A6B7FF16F50,电视剧,1,1080p,BlackTV,30.0,不是机器人啊,I Am Not a Robot,로봇이 아니야,韩国,2017,74682,
不正经生意[全8集][无字片源].Naughty.Business.S01.1080p.AMZN.WEB-DL.DDP.5.1.H.264-BlackTV 18.25GB.torrent,magnet:?xt=urn:btih:EA4F1DEBBEF20639FD941A2C1117CD1EF0DAC252,电视剧,1,1080p,BlackTV,18.25,不正经生意,Naughty Business,Cochinas,西班牙/美国,2026,258842,
不正经生意[全8集][无字片源].Naughty.Business.S01.2160p.AMZN.WEB-DL.DDP.5.1.H.265-BlackTV 27.84GB.torrent,magnet:?xt=urn:btih:496BA43A4DF990C2DFE2116AAC53C877D46DE1E4,电视剧,1,2160p,BlackTV,27.84,不正经生意,Naughty Business,Cochinas,西班牙/美国,2026,258842,
不正经生意[全8集][无字片源].Naughty.Business.S01.2160p.AMZN.WEB-DL.DDP.5.1.HDR10.H.265-BlackTV 36.63GB.torrent,magnet:?xt=urn:btih:39C68CBEACA23CD0672F45000D475DF442145981,电视剧,1,2160p,BlackTV,36.63,不正经生意,Naughty Business,Cochinas,西班牙/美国,2026,258842,
丑女贝蒂.第四季[全20集][简繁英字幕].Ugly.Betty.S04.1080p.DSNP.WEB-DL.DDP.5.1.H.264-BlackTV 43.17GB.torrent,magnet:?xt=urn:btih:1E00CB03BE271555163CDB1207F78D840CFC9B5A,电视剧,4,1080p,BlackTV,43.17,丑女贝蒂,Ugly Betty,Ugly Betty,美国,2006,4626,
世界尽头的一场谋杀[全7集][中文字幕].A.Murder.at.the.End.of.the.World.S01.1080p.DSNP.WEB-DL.DDP.5.1.H.264-BlackTV 17.63GB.torrent,magnet:?xt=urn:btih:C07713832FCFA0FD8D54533AD9479405F6B53635,电视剧,1,1080p,BlackTV,17.63,世界尽头的一场谋杀,A Murder at the End of the World,A Murder at the End of the World,美国,2023,134095,
中产家庭.第一季[全24集][简繁英字幕].The.Middle.S01.1080p.NF.WEB-DL.DDP.5.1.H.264-BlackTV 20.63GB.torrent,magnet:?xt=urn:btih:B91BDEB3BB524A5281ACC66E54C46A7BB6238B6E,电视剧,1,1080p,BlackTV,20.63,中产家庭,The Middle,The Middle,美国,2009,1422,
中产家庭.第七季[全24集][简繁英字幕].The.Middle.S07.1080p.NF.WEB-DL.DDP.5.1.H.264-BlackTV 24.74GB.torrent,magnet:?xt=urn:btih:AB25953F69D8D570C714F3922AC09055049F552E,电视剧,7,1080p,BlackTV,24.74,中产家庭,The Middle,The Middle,美国,2009,1422,
中产家庭.第三季[全24集][简繁英字幕].The.Middle.S03.1080p.NF.WEB-DL.DDP.5.1.H.264-BlackTV 21.33GB.torrent,magnet:?xt=urn:btih:B36ECDA3AE7B74BF6D5061483401FE1C9DE5D59C,电视剧,3,1080p,BlackTV,21.33,中产家庭,The Middle,The Middle,美国,2009,1422,
中产家庭.第九季[全24集][简繁英字幕].The.Middle.S09.1080p.NF.WEB-DL.DDP.5.1.H.264-BlackTV 24.19GB.torrent,magnet:?xt=urn:btih:F7CD71EE4836CB1BDF225500434B02C8957B961D,电视剧,9,1080p,BlackTV,24.19,中产家庭,The Middle,The Middle,美国,2009,1422,
中产家庭.第二季[全24集][简繁英字幕].The.Middle.S02.1080p.NF.WEB-DL.DDP.5.1.H.264-BlackTV 21.37GB.torrent,magnet:?xt=urn:btih:A375BE634CDCCDEFEF922287CB2A1808CC6704D6,电视剧,2,1080p,BlackTV,21.37,中产家庭,The Middle,The Middle,美国,2009,1422,
中产家庭.第五季[全24集][简繁英字幕].The.Middle.S05.1080p.NF.WEB-DL.DDP.5.1.H.264-BlackTV 23.89GB.torrent,magnet:?xt=urn:btih:1C74A0A0027C441A5B7167CBD9076AC3D874A46B,电视剧,5,1080p,BlackTV,23.89,中产家庭,The Middle,The Middle,美国,2009,1422,
中产家庭.第八季[全23集][简繁英字幕].The.Middle.S08.1080p.NF.WEB-DL.DDP.5.1.H.264-BlackTV 23.69GB.torrent,magnet:?xt=urn:btih:66BEFB1733D2E3845F99B493217CD5061952FB2C,电视剧,8,1080p,BlackTV,23.69,中产家庭,The Middle,The Middle,美国,2009,1422,
中产家庭.第六季[全24集][简繁英字幕].The.Middle.S06.1080p.NF.WEB-DL.DDP.5.1.H.264-BlackTV 24.38GB.torrent,magnet:?xt=urn:btih:8E8903D818FE6BE2DC512B7E615296CF8F2E7DC3,电视剧,6,1080p,BlackTV,24.38,中产家庭,The Middle,The Middle,美国,2009,1422,
中产家庭.第四季[全24集][简繁英字幕].The.Middle.S04.1080p.NF.WEB-DL.DDP.5.1.H.264-BlackTV 20.70GB.torrent,magnet:?xt=urn:btih:C55EABA8EF32850B2925E403A09482A34DD97042,电视剧,4,1080p,BlackTV,20.7,中产家庭,The Middle,The Middle,美国,2009,1422,
为全人类.第五季[第02集][简繁英字幕].For.All.Mankind.S05.2160p.Apple.TV.WEB-DL.DDP.5.1.Atmos.HDR10.H.265-BlackTV 8.04GB.torrent,magnet:?xt=urn:btih:76E346C709CA7E24013D2BC5BB231C7419FAF7AA,电视剧,5,2160p,BlackTV,8.04,为全人类,For All Mankind,For All Mankind,美国,2019,87917,
亲爱的X[全12集][中文字幕].Dear.X.S01.1080p.DSNP.WEB-DL.AAC.2.0.H.264-BlackTV 25.05GB.torrent,magnet:?xt=urn:btih:4BAE6E50C391788A90C2012FF0C7BED27B79B13A,电视剧,1,1080p,BlackTV,25.05,亲爱的X,Dear X,친애하는 X,韩国,2025,256226,
从头开始[杜比视界版本][全8集][简繁英字幕].From.Scratch.S01.2160p.NF.WEB-DL.DDP.5.1.Atmos.DV.H.265-BlackTV 54.67GB.torrent,magnet:?xt=urn:btih:69F76CC3AE31C84C4A276AC09C8D4C8CE158B96C,电视剧,1,2160p,BlackTV,54.67,从头开始,From Scratch,From Scratch,美国,2022,207717,
何百芮的地狱毒白[全13集][国语配音中文字幕].The.Accidental.Influencer.S01.2024.2160p.IQ.WEB-DL.H265.AAC-BlackTV 6.79GB.torrent,magnet:?xt=urn:btih:181D477D9DDB832049EB98782401663BF8FE801E,电视剧,1,2160p,BlackTV,6.79,何百芮的地狱毒白,The Accidental Influencer,何百芮的地獄毒白,台湾,2024,243691,
使女的故事.第六季[全10集][中文字幕].The.Handmaids.Tale.S06.1080p.Max.WEB-DL.DDP.5.1.H.264-BlackTV 7.58GB.torrent,magnet:?xt=urn:btih:D183E5ADCFFB6103BC3174E3F885D0E253FAB525,电视剧,6,1080p,BlackTV,7.58,使女的故事,The Handmaid's Tale,The Handmaid's Tale,美国,2017,69478,
侠探杰克.第二季[杜比视界版本][全8集][简繁英字幕].Reacher.S02.2160p.AMZN.WEB-DL.DDP.5.1.Atmos.DV.H.265-BlackTV 49.26GB.torrent,magnet:?xt=urn:btih:142148783179841ECC30F7B84303BA43DEC13BF4,电视剧,2,2160p,BlackTV,49.26,侠探杰克,Reacher,Reacher,美国,2022,108978,
保持沉默[杜比视界版本][全9集][中文字幕].Say.Nothing.S01.2160p.DSNP.WEB-DL.DDP.5.1.DV.H.265-BlackTV 44.65GB.torrent,magnet:?xt=urn:btih:C8944A10FD5E85C81BA335AD9993E86A335DDB0E,电视剧,1,2160p,BlackTV,44.65,保持沉默,Say Nothing,Say Nothing,美国,2024,245256,
元敬[全14集][国语音轨简繁字幕].The.Queen.Who.Crowns.S01.2025.2160p.IQ.WEB-DL.H265.AAC-BlackTV 20.09GB.torrent,magnet:?xt=urn:btih:7E2B683721E482B00683F36EAD73E21EE98FF87E,电视剧,1,2160p,BlackTV,20.09,元敬,The Queen Who Crowns,원경,韩国,2025,226103,
兄弟连[全10集][国语配音特效中文字幕].Band.Of.Brothers.2001.Complete.JPN.BluRay.Ipad.1080p.x264-BlackTV 18.34GB.torrent,magnet:?xt=urn:btih:6BA4A419D0C14A3FDCEACF1349AD567D5BFC221F,电视剧,,1080p,BlackTV,18.34,兄弟连,Band of Brothers,Band of Brothers,美国,2001,4613,
入侵.第三季[杜比视界版本][全10集][简繁英字幕].Invasion.S03.2160p.Apple.TV.WEB-DL.DDP.5.1.Atmos.DV.H.265-BlackTV 79.80GB.torrent,magnet:?xt=urn:btih:EC1DEF2AC70FBC58E305D8FF0B817817851C65A7,电视剧,3,2160p,BlackTV,79.8,入侵,Invasion,Invasion,美国,2021,127235,
军检察官多伯曼犬[全16集][简繁英字幕].Military.Prosecutor.Doberman.S01.1080p.AMZN.WEB-DL.DDP.2.0.H.264-BlackTV 60.26GB.torrent,magnet:?xt=urn:btih:E3EE7DFD8883327162D42BCD57C6ABBF7001899F,电视剧,1,1080p,BlackTV,60.26,军检察官多伯曼犬,Military Prosecutor Doberman,군검사 도베르만,韩国,2022,135652,
军靴男孩[全8集][简繁英字幕].Boots.S01.2160p.NF.WEB-DL.DDP.5.1.Atmos.HDR10.H.265-BlackTV 41.54GB.torrent,magnet:?xt=urn:btih:D801AF2CEE387684C778ABFD8F7D7A9AE9E00B4D,电视剧,1,2160p,BlackTV,41.54,军靴男孩,Boots,Boots,美国,2025,225647,
创业公司.第一季[全10集][简繁英字幕].Startup.S01.1080p.NowPlayer.WEB-DL.AAC2.0.H.264-BlackTV 14.35GB.torrent,magnet:?xt=urn:btih:F1F560633AA3A65E835302F45206D4B16879C1DC,电视剧,1,1080p,BlackTV,14.35,创业公司,StartUp,StartUp,美国,2016,66310,
动物园[全10集][国语配音中文字幕].The.Zoo.S01.1080p.DSNP.WEB-DL.AAC.2.0.H.264-BlackTV 17.58GB.torrent,magnet:?xt=urn:btih:3DEF01B2BE6DBC7BF7C125E881D291D6CBB19E8B,纪录片,1,1080p,BlackTV,17.58,动物园,The Zoo,The Zoo,美国,2017,70299,
劳务师卢武镇[全10集][中文字幕].Oh.My.Ghost.Clients.S01.1080p.NowPlayer.WEB-DL.AAC2.0.H.264-BlackTV 22.61GB.torrent,magnet:?xt=urn:btih:EBB7F4D0EA366BB8D419E4881AC4787848A326AE,电视剧,1,1080p,BlackTV,22.61,劳务师卢武镇,Oh My Ghost Clients,노무사 노무진,韩国,2025,233221,
十里桂花香[全5集][国语配音中文字幕].Legend.of.Din.Tai.Fung.S01.1080p.MyVideo.WEB-DL.AAC2.0.H.264-BlackTV 13.11GB.torrent,magnet:?xt=urn:btih:BA200B3D03FEAD9BDC3C3C4BE4C3920E43044E10,电视剧,1,1080p,BlackTV,13.11,十里桂花香,十里桂花香,十里桂花香,台湾,2009,158189,
单身毒妈.第六季[全13集][简繁英字幕].Weeds.S06.1080p.NF.WEB-DL.DDP.5.1.H.264-BlackTV 13.86GB.torrent,magnet:?xt=urn:btih:602DA99134EA4F7DB53D5C7A9FC0F76450179B48,电视剧,6,1080p,BlackTV,13.86,单身毒妈,Weeds,Weeds,美国,2005,186,
博斯：传承.第三季[全10集][简繁英字幕].Bosch.Legacy.S03.2160p.AMZN.WEB-DL.DDP.5.1.H.265-BlackTV 48.78GB.torrent,magnet:?xt=urn:btih:472E0DC74C15D69DDF0813344DFC3F224ED8B8BB,电视剧,3,2160p,BlackTV,48.78,博斯：最终遗产,Bosch: Legacy,Bosch: Legacy,美国,2022,153657,
博斯：传承.第三季[全10集][简繁英字幕].Bosch.Legacy.S03.2160p.AMZN.WEB-DL.DDP.5.1.HDR10.H.265-BlackTV 63.71GB.torrent,magnet:?xt=urn:btih:3F192DE6F21F126C05ABF8AB743E2DB80E3CB671,电视剧,3,2160p,BlackTV,63.71,博斯：最终遗产,Bosch: Legacy,Bosch: Legacy,美国,2022,153657,
去月球吧[全12集][简繁英字幕].To.the.Moon.S01.1080p.Viu.WEB-DL.AAC2.0.H.264-BlackTV 11.45GB.torrent,magnet:?xt=urn:btih:196B3746B579B682810352F20B4D3C6B3B0CF204,电视剧,1,1080p,BlackTV,11.45,走到月亮为止,To the Moon,달까지 가자,韩国,2025,275177,
反派.第一季[全8集][简繁英字幕].Heels.S01.1080p.NowPlayer.WEB-DL.DD5.1.H.264-BlackTV 16.48GB.torrent,magnet:?xt=urn:btih:F675DE172096753AE1E830F625E3BC1750F4CF05,电视剧,1,1080p,BlackTV,16.48,反派,Heels,Heels,美国,2021,92553,
吉尔莫女孩.第五季[全22集][简繁英字幕].Gilmore.Girls.S05.1080p.AMZN.WEB-DL.DDP.2.0.H.264-BlackTV 95.47GB.torrent,magnet:?xt=urn:btih:FEFE91E57AFE6CAA97D1ED586EED6D5815CD7C58,电视剧,5,1080p,BlackTV,95.47,吉尔莫女孩,Gilmore Girls,Gilmore Girls,美国,2000,4586,
吉尔莫女孩.第四季[全22集][中文字幕].Gilmore.Girls.S04.1080p.AMZN.WEB-DL.DDP.2.0.H.264-BlackTV 91.79GB.torrent,magnet:?xt=urn:btih:49B3023843E5439A4D4D65C918567B10724590C7,电视剧,4,1080p,BlackTV,91.79,吉尔莫女孩,Gilmore Girls,Gilmore Girls,美国,2000,4586,
同妻俱乐部.第七季[全16集][简繁英字幕].Grace.and.Frankie.S07.2160p.NF.WEB-DL.DDP.5.1.HDR10.H.265-BlackTV 47.02GB.torrent,magnet:?xt=urn:btih:08465FDA3D3A35BB3929E5DABE23570332D7E42C,电视剧,7,2160p,BlackTV,47.02,格蕾丝与弗兰基,Grace and Frankie,Grace and Frankie,美国,2015,62320,
同路人[全8集][简繁英字幕].Fellow.Travelers.S01.1080p.NowPlayer.WEB-DL.DD5.1.H.264-BlackTV 16.97GB.torrent,magnet:?xt=urn:btih:5BAECB2653103016F1EFEF6C9BEE4105A6A1648D,电视剧,1,1080p,BlackTV,16.97,同路人,Fellow Travelers,Fellow Travelers,美国,2023,216089,
名校的阶梯[杜比视界版本][全7集][简繁英字幕].Hierarchy.S01.2160p.NF.WEB-DL.DDP.5.1.Atmos.DV.H.265-BlackTV 57.71GB.torrent,magnet:?xt=urn:btih:7FE3FBA59317BA17329D33A1784408DA34F9E13D,电视剧,1,2160p,BlackTV,57.71,名校的阶梯,Hierarchy,하이라키,韩国,2024,226527,
听见你的声音[全18集][中文字幕].I.Hear.Your.Voice.S01.1080p.HamiVideo.WEB-DL.AAC2.0.H.264-BlackTV 64.16GB.torrent,magnet:?xt=urn:btih:5A3EA99B4CD859AD7A872F8FC1978CE798A4D880,电视剧,1,1080p,BlackTV,64.16,听见你的声音,I Hear Your Voice,너의 목소리가 들려,韩国,2013,54477,
吸血鬼生活.第六季[全11集][中文字幕].What.We.Do.in.the.Shadows.S06.2160p.DSNP.WEB-DL.DDP.5.1.HDR10.H.265-BlackTV 27.20GB.torrent,magnet:?xt=urn:btih:0B1B990A39184CD5AF88999E351477D78B26B33D,纪录片,6,2160p,BlackTV,27.2,吸血鬼生活,What We Do in the Shadows,What We Do in the Shadows,美国,2019,83631,
吹吧，微风啊[全50集][国韩多音轨中文字幕].Windy.Mi-poong.S01.1080p.HamiVideo.WEB-DL.AAC2.0.H.264-BlackTV 201.07GB.torrent,magnet:?xt=urn:btih:53AB41F3B1536986E2AEA66691892D4667CD0DE2,电视剧,1,1080p,BlackTV,201.07,吹吧，微风啊,Windy Mi Poong,불어라 미풍아,韩国,2016,67483,
唐朝诡事录之长安[全40集][国语配音中文字幕].1080p.HamiVideo.WEB-DL.AAC2.0.H.264-BlackTV 97.60GB.torrent,magnet:?xt=urn:btih:6E3C0586A5544331C75720CCB3A31DD108AF9279,电视剧,,1080p,BlackTV,97.6,唐朝诡事录之长安,,唐朝诡事录之长安,,,,TMDB未匹配
回魂计[全9集][国语音轨简繁英字幕].The.Resurrected.S01.1080p.NF.WEB-DL.DDP.5.1.Atmos.H.264-BlackTV 21.39GB.torrent,magnet:?xt=urn:btih:B53E2FE9755FA12A4D3ACB19B54FB65DCC06E253,电视剧,1,1080p,BlackTV,21.39,回魂计,The Resurrected,回魂計,台湾,2025,252135,
国土安全.第七季[全12集][简繁英字幕].Homeland.S07.1080p.DSNP.WEB-DL.DDP.5.1.H.264-BlackTV 39.58GB.torrent,magnet:?xt=urn:btih:69270775678453EB38B1843D9D8DB7BE488CD35D,电视剧,7,1080p,BlackTV,39.58,国土安全,Homeland,Homeland,美国,2011,1407,
圣丹尼斯医院.第二季[全18集][无字片源].St.Denis.Medical.S02.1080p.Peacock.WEB-DL.DDP.5.1.H.264-BlackTV 12.56GB.torrent,magnet:?xt=urn:btih:470E8FF7C81EA402045FA08FC2AEA10BFF60AF96,电视剧,2,1080p,BlackTV,12.56,圣丹尼斯医院,St. Denis Medical,St. Denis Medical,美国,2024,251941,
圣诞老人快乐再疯狂.第二季[杜比视界版本][全6集][中文字幕].2160p.DSNP.WEB-DL.DDP.5.1.Atmos.DV.H.265-BlackTV 22.76GB.torrent,magnet:?xt=urn:btih:AD485430EBC2105CE38514624B1BF5EDB0C0C6DC,电视剧,2,2160p,BlackTV,22.76,圣诞快乐再疯狂,The Santa Clauses,The Santa Clauses,美国,2022,155631,
外滩探秘.第二季[杜比视界版本][全10集][简繁英字幕].Outer.Banks.S02.2160p.NF.WEB-DL.DDP.5.1.Atmos.DV.H.265-BlackTV 68.27GB.torrent,magnet:?xt=urn:btih:8BBF5EC14E07A1CA67A9177A3EA388BC08A93D06,电视剧,2,2160p,BlackTV,68.27,外滩探秘,Outer Banks,Outer Banks,美国,2020,100757,
大卫王朝.第二季[全8集][简繁英字幕].House.of.David.S02.2160p.AMZN.WEB-DL.DDP.5.1.H.265-BlackTV 47.77GB.torrent,magnet:?xt=urn:btih:6CCE16F7B861698E1847CB37986E421DE6297BBB,电视剧,2,2160p,BlackTV,47.77,大卫王朝,House of David,House of David,美国,2025,243881,
大卫王朝.第二季[全8集][简繁英字幕].House.of.David.S02.2160p.AMZN.WEB-DL.DDP.5.1.HDR10.H.265-BlackTV 62.47GB.torrent,magnet:?xt=urn:btih:15E93781C8158A746EB2803B4B634C4C98014453,电视剧,2,2160p,BlackTV,62.47,大卫王朝,House of David,House of David,美国,2025,243881,
大器晚成.第三季[全10集][简繁英字幕].Hung.S03.1080p.Max.WEB-DL.DDP.2.0.H.264-BlackTV 13.67GB.torrent,magnet:?xt=urn:btih:EFB4A569AC62C689DFDF9B9D2073DCBE6C113552,电视剧,3,1080p,BlackTV,13.67,大器晚成,Hung,Hung,美国,2009,18614,
大器晚成.第二季[全10集][简繁英字幕].Hung.S02.1080p.Max.WEB-DL.DDP.2.0.H.264-BlackTV 16.94GB.torrent,magnet:?xt=urn:btih:6059BA4F67A1D98505F3798BDAA7763CB7452D12,电视剧,2,1080p,BlackTV,16.94,大器晚成,Hung,Hung,美国,2009,18614,
大小谎言.第二季[HDR杜比视界双版本][全7集][简繁英字幕].2160p.Max.WEB-DL.DDP.5.1.DoVi.HDR.H.265-BlackTV 47.99GB.torrent,magnet:?xt=urn:btih:4C5335364C09F013C7B89CBFF5B9E5737DD7A4CF,电视剧,2,2160p,BlackTV,47.99,大小谎言,Big Little Lies,Big Little Lies,美国,2017,66292,
大小谎言.第二季[杜比视界版本][全7集][简繁英字幕].Big.Little.Lies.S02.2160p.Max.WEB-DL.DDP.5.1.DV.H.265-BlackTV 48.08GB.torrent,magnet:?xt=urn:btih:0848A8F7FA7ACA5A5BEB0D81DCA68F2795B15F5F,电视剧,2,2160p,BlackTV,48.08,大小谎言,Big Little Lies,Big Little Lies,美国,2017,66292,
大楼里只有谋杀.第五季[全10集][简繁英字幕].1080p.Hulu.WEB-DL.DDP.5.1.H.264-BlackTV 13.39GB.torrent,magnet:?xt=urn:btih:8666B63B6FB6D3D7C615F72409CB23A1C9BD912B,电视剧,5,1080p,BlackTV,13.39,大楼里只有谋杀,Only Murders in the Building,Only Murders in the Building,美国,2021,107113,
大楼里只有谋杀.第四季[全10集][中文字幕].2160p.DSNP.WEB-DL.DDP.5.1.HDR10.H.265-BlackTV 36.61GB.torrent,magnet:?xt=urn:btih:BD7AF9CD458516897051362F2F4E642D56C918CC,电视剧,4,2160p,BlackTV,36.61,大楼里只有谋杀,Only Murders in the Building,Only Murders in the Building,美国,2021,107113,
大爱.第一季[全12集][简繁英字幕].Big.Love.S01.1080p.Max.WEB-DL.DDP.5.1.H.264-BlackTV 31.59GB.torrent,magnet:?xt=urn:btih:77E0A20347D54659A745904A7CE5357195E575B7,电视剧,1,1080p,BlackTV,31.59,大爱,Big Love,Big Love,美国,2006,4392,
大码女孩的生存之道.第二季[杜比视界版本][全8集][简繁英字幕].2160p.NF.WEB-DL.DDP.5.1.Atmos.DV.H.265-BlackTV 28.82GB.torrent,magnet:?xt=urn:btih:2F3B449AB67D1270A29329D632289CF55C252EDE,电视剧,2,2160p,BlackTV,28.82,大码女孩的生存之道,Survival of the Thickest,Survival of the Thickest,美国,2023,227139,
天堂岛之外.第四季[全6集][无字片源].Beyond.Paradise.S04.1080p.iP.WEB-DL.AAC.2.0.HFR.H.264-BlackTV 10.37GB.torrent,magnet:?xt=urn:btih:310215E438C481333B83E77949C3EBEA9CA5CE1C,电视剧,4,1080p,BlackTV,10.37,天堂岛之外,Beyond Paradise,Beyond Paradise,英国,2023,205072,
失联[全10集][简繁英字幕].Absentia.S01.1080p.NF.WEB-DL.DDP.5.1.H.264-BlackTV 17.05GB.torrent,magnet:?xt=urn:btih:0CF98BF52B42D58ECE2844F759A0B6A2F393F091,电视剧,1,1080p,BlackTV,17.05,失联,Absentia,Absentia,美国,2017,72755,
失联[全10集][简繁英字幕].Absentia.S01.2160p.NF.WEB-DL.DDP.5.1.H.265-BlackTV 38.37GB.torrent,magnet:?xt=urn:btih:532D807DD3621B267D3D61D4BA9C109C24037239,电视剧,1,2160p,BlackTV,38.37,失联,Absentia,Absentia,美国,2017,72755,
奇怪的她(剧版)[全12集][中文字幕].Who.Is.She.S01.1080p.MyVideo.WEB-DL.AAC2.0.H.264-BlackTV 20.83GB.torrent,magnet:?xt=urn:btih:7924CBFE29C47AA38E1BC6937EFA8E4B4D39A52F,电视剧,1,1080p,BlackTV,20.83,奇怪的她,Who Is She,수상한 그녀,韩国,2024,221550,
女巫阿加莎[杜比视界版本][全9集][中文字幕].Agatha.All.Along.S01.2160p.DSNP.WEB-DL.DDP.5.1.Atmos.DV.H.265-BlackTV 40.88GB.torrent,magnet:?xt=urn:btih:0A5738F732EFE7685F491AF778C3D3F1072094A2,电视剧,1,2160p,BlackTV,40.88,女巫阿加莎,Agatha All Along,Agatha All Along,美国,2024,138501,
好事多磨[全8集][简繁英字幕].No.Good.Deed.S01.1080p.NF.WEB-DL.DDP.5.1.Atmos.H.264-BlackTV 10.22GB.torrent,magnet:?xt=urn:btih:63B9D15B50D82E7D776F857A474E0DC149D1B5E2,电视剧,1,1080p,BlackTV,10.22,别有居心,No Good Deed,No Good Deed,美国,2024,241112,
好想做一次.第四季[全10集][简繁英字幕].Never.Have.I.Ever.S04.2160p.NF.WEB-DL.DDP.5.1.HDR10.H.265-BlackTV 37.80GB.torrent,magnet:?xt=urn:btih:C647E4B05BEE765A2AD8AFEAC9A4AE515B61E513,电视剧,4,2160p,BlackTV,37.8,好想做一次,Never Have I Ever,Never Have I Ever,美国,2020,100883,
如何孤独终老[杜比视界版本][全8集][中文字幕].How.to.Die.Alone.S01.2160p.DSNP.WEB-DL.DDP.5.1.DV.H.265-BlackTV 26.91GB.torrent,magnet:?xt=urn:btih:7A04F39D868B9E1BCF08EC046A0ADBAA7C15AE8C,电视剧,1,2160p,BlackTV,26.91,如何孤独终老,How to Die Alone,How to Die Alone,美国,2024,258582,
如果还有明天：来世.第四季[全8集][简繁英字幕].The.Big.C.S04.1080p.NF.WEB-DL.DDP.5.1.H.264-BlackTV 9.43GB.torrent,magnet:?xt=urn:btih:71DAFA0819C64B933294A92B1A87FCFC6FAF157B,电视剧,4,1080p,BlackTV,9.43,如果还有明天,The Big C,The Big C,美国,2010,32406,
如舞薄冰[全8集][简繁英字幕].Finding.Her.Edge.S01.2160p.NF.WEB-DL.DDP.5.1.Atmos.HDR10.H.265-BlackTV 32.85GB.torrent,magnet:?xt=urn:btih:B350A02016E6DBE004FB0FCC976A8CF40C76EC50,电视剧,1,2160p,BlackTV,32.85,如舞薄冰,Finding Her Edge,Finding Her Edge,加拿大,2026,281401,
如舞薄冰[杜比视界版本][全8集][简繁英字幕].Finding.Her.Edge.S01.2160p.NF.WEB-DL.DDP.5.1.Atmos.DV.H.265-BlackTV 45.44GB.torrent,magnet:?xt=urn:btih:8CCDA0CEBE10AE6C0401DE0D3BC5E68309D858E0,电视剧,1,2160p,BlackTV,45.44,如舞薄冰,Finding Her Edge,Finding Her Edge,加拿大,2026,281401,
婚情咨文.第二季[短剧][全10集][简繁英字幕].State.of.the.Union.S02.1080p.NowPlayer.WEB-DL.AAC2.0.H.264-BlackTV 3.49GB.torrent,magnet:?xt=urn:btih:C7C9C45934B4CEC0523E35D7E93241F74A1320FF,电视剧,2,1080p,BlackTV,3.49,婚情咨文,State of the Union,State of the Union,美国/英国,2019,87984,
就这样….第一季[全10集][简繁英字幕].And.Just.Like.That.S01.1080p.NowPlayer.WEB-DL.AAC2.0.H.264-BlackTV 12.50GB.torrent,magnet:?xt=urn:btih:858124F0156F6CAF6909DA4DC792921BCDDDEF2C,综艺,1,1080p,BlackTV,12.5,就这样…,And Just Like That…,And Just Like That…,美国,2021,116450,
山巅之城.第三季[全8集][简繁英字幕].City.On.A.Hill.S03.1080p.NowPlayer.WEB-DL.AAC2.0.H.264-BlackTV 15.13GB.torrent,magnet:?xt=urn:btih:8D4D93CCF3A3E59AF073393525210515E899A73B,电视剧,3,1080p,BlackTV,15.13,山巅之城,City on a Hill,City on a Hill,美国,2019,79618,
巴拉德.第一季[全10集][简繁英字幕].Ballard.S01.1080p.AMZN.WEB-DL.DDP.5.1.H.264-BlackTV 28.48GB.torrent,magnet:?xt=urn:btih:65487C72F9DCE7551667162E71E5684A35AF7882,电视剧,1,1080p,BlackTV,28.48,巴拉德,Ballard,Ballard,美国,2025,239826,
布道家庭.第四季[全9集][简繁英字幕].The.Righteous.Gemstones.S04.1080p.Max.WEB-DL.DDP.5.1.Atmos.H.264-BlackTV 10.76GB.torrent,magnet:?xt=urn:btih:EE87761106A50212006B1F7D63CE2F4F097C4AD9,电视剧,4,1080p,BlackTV,10.76,布道家庭,The Righteous Gemstones,The Righteous Gemstones,美国,2019,82782,
师大公园地下社会[全11集][国语配音中文字幕].Underground.S01.1080p.LINETV.WEB-DL.AAC2.0.H.264-BlackTV 18.91GB.torrent,magnet:?xt=urn:btih:1B2DB6AA183323777BA1141107431054D23B3649,电视剧,1,1080p,BlackTV,18.91,师大公园地下社会,Underground,師大公園地下社會,台湾,2025,287929,
年轻一代.第一季[全12集][简繁英字幕].Younger.S01.1080p.NF.WEB-DL.DDP.5.1.H.264-BlackTV 12.69GB.torrent,magnet:?xt=urn:btih:F4637F33F119C7D1133A629C8F7C3ECFBDD9150D,电视剧,1,1080p,BlackTV,12.69,年轻一代,Younger,Younger,美国,2015,62117,
幸福之地.第二季[全18集][无字片源].Happys.Place.S02.1080p.Peacock.WEB-DL.DDP.5.1.H.264-BlackTV 19.72GB.torrent,magnet:?xt=urn:btih:BCF0E721ECA4B3FF0FBE03DDFB1C11B3F55002D2,电视剧,2,1080p,BlackTV,19.72,幸福之地,Happy's Place,Happy's Place,美国,2024,253896,
幸福房屋事件簿[全14集][国语配音中文字幕].Haunted.House.for.Sale.S01.1080p.Viu.WEB-DL.AAC2.0.H.264-BlackTV 9.31GB.torrent,magnet:?xt=urn:btih:7FC921512FD1D72FD09E22F51CDB93BC8DE1A229,电视剧,1,1080p,BlackTV,9.31,幸福房屋事件簿,Haunted House for Sale,幸福房屋事件簿,台湾,2024,231782,
幽灵医生[全16集][国韩多音轨].Ghost.Doctor.S01.1080p.HamiVideo.WEB-DL.AAC2.0.H.264-BlackTV 59.79GB.torrent,magnet:?xt=urn:btih:C16D1A2DB4BB4168B2D251A51128989D96FA13F3,电视剧,1,1080p,BlackTV,59.79,幽灵医生,Ghost Doctor,고스트 닥터,韩国,2022,152471,
广告狂人.第三季[全13集][简繁英字幕].Mad.Men.S03.1080p.CATCHPLAY.WEB-DL.AAC2.0.H.264-BlackTV 17.63GB.torrent,magnet:?xt=urn:btih:F43CDD6FAC06F9CDADC152920960E20CB7E30FA2,电视剧,3,1080p,BlackTV,17.63,广告狂人,Mad Men,Mad Men,美国,2007,1104,
广告狂人.第四季[全13集][简繁英字幕].Mad.Men.S04.1080p.CATCHPLAY.WEB-DL.AAC2.0.H.264-BlackTV 17.69GB.torrent,magnet:?xt=urn:btih:DF75A84D647E11C66B7524766DBBB7A2610030CF,电视剧,4,1080p,BlackTV,17.69,广告狂人,Mad Men,Mad Men,美国,2007,1104,
急诊室的故事.第一季[全25集][简繁英字幕].ER.S01.1080p.NF.WEB-DL.AAC.2.0.H.264-BlackTV 56.24GB.torrent,magnet:?xt=urn:btih:D8FC17794F9000DEA982D13251A9D7404322E096,电视剧,1,1080p,BlackTV,56.24,急诊室的故事,Casualty,Casualty,英国,1986,1021,
急诊室的故事.第七季[全22集][简繁英字幕].ER.S07.1080p.NF.WEB-DL.AAC.2.0.H.264-BlackTV 37.97GB.torrent,magnet:?xt=urn:btih:64DF9B43A10C07A69134C9505C4C5D0281B08B17,电视剧,7,1080p,BlackTV,37.97,急诊室的故事,Casualty,Casualty,英国,1986,1021,
急诊室的故事.第三季[全22集][简繁英字幕].ER.S03.1080p.NF.WEB-DL.AAC.2.0.H.264-BlackTV 42.75GB.torrent,magnet:?xt=urn:btih:7C0760B2F7A9219914F5624F587F2BBBA50422E9,电视剧,3,1080p,BlackTV,42.75,急诊室的故事,Casualty,Casualty,英国,1986,1021,
急诊室的故事.第九季[全22集][简繁英字幕].ER.S09.1080p.NF.WEB-DL.AAC.2.0.H.264-BlackTV 43.34GB.torrent,magnet:?xt=urn:btih:674AF9CDF3F452D27ED337EB17DEE581315AD39C,电视剧,9,1080p,BlackTV,43.34,急诊室的故事,Casualty,Casualty,英国,1986,1021,
急诊室的故事.第二季[全22集][简繁英字幕].ER.S02.1080p.NF.WEB-DL.AAC.2.0.H.264-BlackTV 45.72GB.torrent,magnet:?xt=urn:btih:62C00B7354AA171BDE8F09570AE88E3E0D496028,电视剧,2,1080p,BlackTV,45.72,急诊室的故事,Casualty,Casualty,英国,1986,1021,
急诊室的故事.第五季[全22集][简繁英字幕].ER.S05.1080p.NF.WEB-DL.AAC.2.0.H.264-BlackTV 42.26GB.torrent,magnet:?xt=urn:btih:26108798CB61E389935A4CED37C297A8759FFAC1,电视剧,5,1080p,BlackTV,42.26,急诊室的故事,Casualty,Casualty,英国,1986,1021,
急诊室的故事.第八季[全22集][简繁英字幕].ER.S08.1080p.NF.WEB-DL.AAC.2.0.H.264-BlackTV 37.46GB.torrent,magnet:?xt=urn:btih:A5A7BC1366D002159718E2057D9677AA3DD51104,电视剧,8,1080p,BlackTV,37.46,急诊室的故事,Casualty,Casualty,英国,1986,1021,
急诊室的故事.第六季[全22集][简繁英字幕].ER.S06.1080p.NF.WEB-DL.AAC.2.0.H.264-BlackTV 38.64GB.torrent,magnet:?xt=urn:btih:B156FD33F7FA0ED9E22B55DDD0E495042B96BC55,电视剧,6,1080p,BlackTV,38.64,急诊室的故事,Casualty,Casualty,英国,1986,1021,
急诊室的故事.第十一季[全22集][简繁英字幕].ER.S11.1080p.NF.WEB-DL.AAC.2.0.H.264-BlackTV 41.25GB.torrent,magnet:?xt=urn:btih:D4A2926A0C498BB29556BE8333B76A1706E85DA4,电视剧,11,1080p,BlackTV,41.25,急诊室的故事,Casualty,Casualty,英国,1986,1021,
急诊室的故事.第十三季[全23集][简繁英字幕].ER.S13.1080p.NF.WEB-DL.AAC.2.0.H.264-BlackTV 44.25GB.torrent,magnet:?xt=urn:btih:E4B565F57436BD17CE6D4D4F2267934FC49CABA9,电视剧,13,1080p,BlackTV,44.25,急诊室的故事,Casualty,Casualty,英国,1986,1021,
急诊室的故事.第十二季[全22集][简繁英字幕].ER.S12.1080p.NF.WEB-DL.AAC.2.0.H.264-BlackTV 36.71GB.torrent,magnet:?xt=urn:btih:70D42030754EB764EF665C0DA9E173B2A6F2387E,电视剧,12,1080p,BlackTV,36.71,急诊室的故事,Casualty,Casualty,英国,1986,1021,
急诊室的故事.第十五季[全22集][简繁英字幕].ER.S15.1080p.NF.WEB-DL.AAC.2.0.H.264-BlackTV 42.50GB.torrent,magnet:?xt=urn:btih:3FA359FD793290465D6FA8E11CDE0B948A5E5212,电视剧,15,1080p,BlackTV,42.5,急诊室的故事,Casualty,Casualty,英国,1986,1021,
急诊室的故事.第十四季[全19集][简繁英字幕].ER.S14.1080p.NF.WEB-DL.AAC.2.0.H.264-BlackTV 33.60GB.torrent,magnet:?xt=urn:btih:887C08A3085FEB44BA28D389CE95EA73621897F2,电视剧,14,1080p,BlackTV,33.6,急诊室的故事,Casualty,Casualty,英国,1986,1021,
急诊室的故事.第十季[全22集][简繁英字幕].ER.S10.1080p.NF.WEB-DL.AAC.2.0.H.264-BlackTV 39.52GB.torrent,magnet:?xt=urn:btih:4BB247E06CFC466FC45EBD132939CCD703DB832A,电视剧,10,1080p,BlackTV,39.52,急诊室的故事,Casualty,Casualty,英国,1986,1021,
急诊室的故事.第四季[全22集][简繁英字幕].ER.S04.1080p.NF.WEB-DL.AAC.2.0.H.264-BlackTV 40.41GB.torrent,magnet:?xt=urn:btih:CDAEEC009E030128CDDB278D352DDFD0C088D5FB,电视剧,4,1080p,BlackTV,40.41,急诊室的故事,Casualty,Casualty,英国,1986,1021,
性爱大师.第四季[全10集][中文字幕].Masters.of.Sex.S04.1080p.CATCHPLAY.WEB-DL.AAC2.0.H.264-BlackTV 16.39GB.torrent,magnet:?xt=urn:btih:A6AD5FDF67589091B21C8888C9ABF4D9ED11E44D,电视剧,4,1080p,BlackTV,16.39,性爱大师,Masters of Sex,Masters of Sex,美国,2013,58937,
恩秀的好日子[全12集][中文字幕].Walking.on.Thin.Ice.S01.1080p.HamiVideo.WEB-DL.AAC2.0.H.264-BlackTV 46.12GB.torrent,magnet:?xt=urn:btih:196B69C2D17B2F26323EB9395FCD316A1796B131,电视剧,1,1080p,BlackTV,46.12,恩秀的好日子,Walking on Thin Ice,은수 좋은 날,韩国,2025,232557,
恶缘[全6集][简繁英字幕].Karma.S01.2160p.NF.WEB-DL.DDP.5.1.Atmos.HDR10.H.265-BlackTV 42.88GB.torrent,magnet:?xt=urn:btih:7E8BC1FF859CC51D0391B86311C2ECF42F5E8ACB,电视剧,1,2160p,BlackTV,42.88,恶缘,Karma,악연,韩国,2025,233686,
成功路上[全6集][中文字幕].Love.Leads.to.the.Success.S01.1080p.NF.WEB-DL.AAC.2.0.H.264-BlackTV 9.98GB.torrent,magnet:?xt=urn:btih:DDC602B3C154737223232CBBD7CD3ABC079A1730,综艺,1,1080p,BlackTV,9.98,成功路上,Love Leads to The Success,成功路上,台湾,2025,271911,
我为喜剧狂.第一季[全21集][简繁英字幕].30.Rock.S01.1080p.NF.WEB-DL.DDP.5.1.H.264-BlackTV 21.17GB.torrent,magnet:?xt=urn:btih:B46019A13DA6EEF95D58165B45AE53668CBD85EB,综艺,1,1080p,BlackTV,21.17,我为喜剧狂,30 Rock,30 Rock,美国,2006,4608,
我为喜剧狂.第七季[全13集][简繁英字幕].30.Rock.S07.1080p.NF.WEB-DL.DDP.5.1.H.264-BlackTV 11.62GB.torrent,magnet:?xt=urn:btih:3DFA71F55442EEF97CD26B4AF2AE277F7E05742B,综艺,7,1080p,BlackTV,11.62,我为喜剧狂,30 Rock,30 Rock,美国,2006,4608,
我为喜剧狂.第三季[全21集][简繁英字幕].30.Rock.S03.1080p.NF.WEB-DL.DDP.5.1.H.264-BlackTV 19.43GB.torrent,magnet:?xt=urn:btih:2C935913A185BA3BEF9E66E454A4CAF7DB830D01,综艺,3,1080p,BlackTV,19.43,我为喜剧狂,30 Rock,30 Rock,美国,2006,4608,
我为喜剧狂.第二季[全15集][简繁英字幕].30.Rock.S02.1080p.NF.WEB-DL.DDP.5.1.H.264-BlackTV 15.12GB.torrent,magnet:?xt=urn:btih:3C673E2C545A0CA9E2B19DE429578E8F405CE2DE,综艺,2,1080p,BlackTV,15.12,我为喜剧狂,30 Rock,30 Rock,美国,2006,4608,
我为喜剧狂.第五季[全22集][简繁英字幕].30.Rock.S05.1080p.NF.WEB-DL.DDP.5.1.H.264-BlackTV 18.90GB.torrent,magnet:?xt=urn:btih:7C98709C746BDC2244F3D380F86152AA6885D9E3,综艺,5,1080p,BlackTV,18.9,我为喜剧狂,30 Rock,30 Rock,美国,2006,4608,
我为喜剧狂.第六季[全21集][简繁英字幕].30.Rock.S06.1080p.NF.WEB-DL.DDP.5.1.H.264-BlackTV 18.17GB.torrent,magnet:?xt=urn:btih:26E9BA29ED630CA555AC72B1F092E2686A9E6367,综艺,6,1080p,BlackTV,18.17,我为喜剧狂,30 Rock,30 Rock,美国,2006,4608,
我为喜剧狂.第四季[全22集][简繁英字幕].30.Rock.S04.1080p.NF.WEB-DL.DDP.5.1.H.264-BlackTV 19.47GB.torrent,magnet:?xt=urn:btih:73B1818B436A293097863DA25F824149441619F8,综艺,4,1080p,BlackTV,19.47,我为喜剧狂,30 Rock,30 Rock,美国,2006,4608,
我亲爱的朋友们[全16集][中文字幕].Dear.My.Friends.S01.1080p.HamiVideo.WEB-DL.AAC2.0.H.264-BlackTV 62.78GB.torrent,magnet:?xt=urn:btih:97B97E166981C5B1EBB8E588D22A10B2693C41F1,电视剧,1,1080p,BlackTV,62.78,我亲爱的朋友们,Dear My Friends,디어 마이 프렌즈,韩国,2016,66434,
我们这一天.第二季[全18集][简繁英字幕].This.Is.Us.S02.1080p.AMZN.WEB-DL.DDP.5.1.H.264-BlackTV 55.80GB.torrent,magnet:?xt=urn:btih:4916D4FFC37E7887A4EAD6F6F4C8B6622D0E858F,电视剧,2,1080p,BlackTV,55.8,我们这一天,This Is Us,This Is Us,美国,2016,67136,
我的女友比我帅[全12集][中文字幕].My.Girlfriend.is.the.Man.S01.1080p.NowPlayer.WEB-DL.AAC2.0.H.264-BlackTV 25.27GB.torrent,magnet:?xt=urn:btih:177D656B1F8F91DE1E6B8BC5ECA39CC7C92E3D0E,电视剧,1,1080p,BlackTV,25.27,我的女友比我帅,My Girlfriend Is the Man!,내 여자친구는 상남자,韩国,2025,258357,
我的幸福结局[全16集][简繁英字幕].My.Happy.Ending.S01.1080p.Viu.WEB-DL.AAC2.0.H.264-BlackTV 14.77GB.torrent,magnet:?xt=urn:btih:A8DAA75FB1E5717907BFF2809FE477D2645DD29E,电视剧,1,1080p,BlackTV,14.77,我的幸福结局,My Happy Ending,나의 해피엔드,韩国,2023,233277,
战利品.第三季[杜比视界版本][全10集][简繁英字幕].Loot.S03.2160p.Apple.TV.WEB-DL.DDP.5.1.Atmos.DV.H.265-BlackTV 48.56GB.torrent,magnet:?xt=urn:btih:B52B4BC88D00FC013698363809A54D54729D876D,动漫,3,2160p,BlackTV,48.56,战利品,Loot,Loot,美国,2022,197449,
战酋[全9集][简繁英字幕].Chief.of.War.S01.2160p.Apple.TV.WEB-DL.DDP.5.1.Atmos.H.265-BlackTV 65.38GB.torrent,magnet:?xt=urn:btih:8D94D694C6241E7D21A7634380CD91F59BC40DD5,电视剧,1,2160p,BlackTV,65.38,战酋,Chief of War,Chief of War,美国,2025,196890,
所有我们看不见的光[全4集][简繁英字幕].2160p.NF.WEB-DL.DDP.5.1.Atmos.HDR10.H.265-BlackTV 30.90GB.torrent,magnet:?xt=urn:btih:C83FCB6451DC1A7018C6C7B12A04852CFD6D6D9B,电视剧,,2160p,BlackTV,30.9,所有我们看不见的光,All the Light We Cannot See,All the Light We Cannot See,美国,2023,155421,
所有我们看不见的光[杜比视界版本][全4集][简繁英字幕].2160p.NF.WEB-DL.DDP.5.1.Atmos.DV.H.265-BlackTV 31.20GB.torrent,magnet:?xt=urn:btih:34AF151B351FED6F0C28C8209AA07971B30C6F37,电视剧,,2160p,BlackTV,31.2,所有我们看不见的光,All the Light We Cannot See,All the Light We Cannot See,美国,2023,155421,
抓住你的衣领[全16集][简繁英字幕].Nothing.Uncovered.S01.1080p.Viu.WEB-DL.AAC2.0.H.264-BlackTV 14.68GB.torrent,magnet:?xt=urn:btih:8E0799F4F216E37A9D5D76E22B5075DF9CF9B176,电视剧,1,1080p,BlackTV,14.68,抓住你的衣领,Nothing Uncovered,멱살 한번 잡힙시다,韩国,2024,231268,
拥挤的房间[全10集][简繁英字幕].The.Crowded.Room.S01.2160p.Apple.TV.WEB-DL.DDP.5.1.Atmos.HDR10.H.265-BlackTV 82.78GB.torrent,magnet:?xt=urn:btih:4C99761588700DB7FB7AA9AD3317D634D6C91F08,电视剧,1,2160p,BlackTV,82.78,拥挤的房间,The Crowded Room,The Crowded Room,美国,2023,123192,
拳魂荣耀[全7集][简繁英字幕].Glory.S01.2160p.NF.WEB-DL.DDP.5.1.Atmos.H.265-BlackTV 46.16GB.torrent,magnet:?xt=urn:btih:25AFBA2C4FCA4736D2E8C4E8923A068B33B31AB6,电视剧,1,2160p,BlackTV,46.16,拳魂荣耀,Glory,ग्लोरी,印度,2026,283657,
拳魂荣耀[全7集][简繁英字幕].Glory.S01.2160p.NF.WEB-DL.DDP.5.1.Atmos.HDR10.H.265-BlackTV 50.45GB.torrent,magnet:?xt=urn:btih:AC5CC62FB33E2D22E429DD76304265E7834D1FE4,电视剧,1,2160p,BlackTV,50.45,拳魂荣耀,Glory,ग्लोरी,印度,2026,283657,
拿着手术刀的猎人[全16集][中文字幕].Hunter.with.a.Scalpel.S01.1080p.LINETV.WEB-DL.AAC2.0.H.264-BlackTV 12.77GB.torrent,magnet:?xt=urn:btih:A83EBB387D4153BA3E427914B0003143E229BADA,电视剧,1,1080p,BlackTV,12.77,拿着手术刀的猎人,Hunter with a Scalpel,메스를 든 사냥꾼,韩国,2025,281967,
换挡.第一季[全10集][简繁英字幕].Shifting.Gears.S01.1080p.DSNP.WEB-DL.DDP.5.1.H.264-BlackTV 8.17GB.torrent,magnet:?xt=urn:btih:82A5C4B0F2486A3FC2C06B1E35EF0E84986D0498,电视剧,1,1080p,BlackTV,8.17,换挡,Shifting Gears,Shifting Gears,美国,2025,260471,
掩耳盗邻.第一季[全9集][简繁英字幕].2160p.Apple.TV.WEB-DL.DDP.5.1.Atmos.H.265-BlackTV 70.42GB.torrent,magnet:?xt=urn:btih:4D483CDAC3864AFA37DAB0502FA0B9E9AD7B6BB8,电视剧,1,2160p,BlackTV,70.42,掩耳盗邻,Your Friends & Neighbors,Your Friends & Neighbors,美国,2025,241609,
放飞吧伯特.第一季[杜比视界版本][全6集][简繁英字幕].Free.Bert.S01.2160p.NF.WEB-DL.DDP.5.1.DV.H.265-BlackTV 18.49GB.torrent,magnet:?xt=urn:btih:BCECD4397E8BAEA9CF5FB510220D44F61DFAFE84,电视剧,1,2160p,BlackTV,18.49,放飞吧伯特,Free Bert,Free Bert,美国,2026,307534,
斯特林韵事[全6集][中文字幕].Clipped.S01.2160p.DSNP.WEB-DL.DDP.5.1.HDR10.H.265-BlackTV 32.54GB.torrent,magnet:?xt=urn:btih:EF48CD5D7212848CE17E684B2EEAE2E82CD0B9C1,电视剧,1,2160p,BlackTV,32.54,快船风云,Clipped,Clipped,美国,2024,196977,
无法告白[全8集][简繁英字幕].Boys.Be.Brave.S01.1080p.GagaOOLala.WEB-DL.AAC2.0.H.264-BlackTV 7.02GB.torrent,magnet:?xt=urn:btih:149BE68ADF995E214232C45DC7E8CD509E5CCD37,电视剧,1,1080p,BlackTV,7.02,无法告白,Boys Be Brave!,고백을 못하고,韩国,2024,249838,
无痛杀手[全6集][简繁英字幕].Painkiller.S01.2160p.NF.WEB-DL.DDP.5.1.Atmos.H.265-BlackTV 25.45GB.torrent,magnet:?xt=urn:btih:0790A18F7F530811A872FC49C9576F72F4DC0135,电视剧,1,2160p,BlackTV,25.45,无痛杀手,Painkiller,Painkiller,美国,2023,158083,
无神[全7集][简繁英字幕].Godless.S01.2160p.NF.WEB-DL.DDP.5.1.Atmos.H.265-BlackTV 39.95GB.torrent,magnet:?xt=urn:btih:C5310A31427F11FF8929CDB50BAB374286AC9027,电视剧,1,2160p,BlackTV,39.95,无神,Godless,Godless,美国,2017,73467,
无罪推定[全8集][中文字幕].A.Fight.for.Justice.S01.1080p.Linetv.WEB-DL.AAC2.0.H.264-BlackTV 8.51GB.torrent,magnet:?xt=urn:btih:CD90C3EE044C1D1EE30F867E3CAB15A11B63A89D,电视剧,1,1080p,BlackTV,8.51,无罪推定,A Fight for Justice,無罪推定,台湾,2024,246660,
时光之轮.第三季[全8集][简繁英字幕].The.Wheel.of.Time.S03.2160p.AMZN.WEB-DL.DDP.5.1.Atmos.H.265-BlackTV 55.20GB.torrent,magnet:?xt=urn:btih:2D448F7BA65FEE853B862DBEB028A5D384B59DB6,电视剧,3,2160p,BlackTV,55.2,时光之轮,The Wheel of Time,The Wheel of Time,美国,2021,71914,
明天不要来[全12集][国韩多音轨简繁英字幕].So.Not.Worth.It.S01.2160p.NF.WEB-DL.DDP.5.1.HDR10.H.265-BlackTV 25.98GB.torrent,magnet:?xt=urn:btih:6A6FAFD48CE9B5984C0E79B45D9BDF8C2822FF1A,电视剧,1,2160p,BlackTV,25.98,明天不要来,So Not Worth It,내일 지구가 망해버렸으면 좋겠어,韩国,2021,110545,
明天不要来[杜比视界版本][全12集][国韩多音轨简繁英字幕].2160p.NF.WEB-DL.DDP.5.1.DV.H.265-BlackTV 50.98GB.torrent,magnet:?xt=urn:btih:1E8D8440635633BBA06E09BD2B5B4199093B0B71,电视剧,,2160p,BlackTV,50.98,明天不要来,So Not Worth It,내일 지구가 망해버렸으면 좋겠어,韩国,2021,110545,
有点伟大的旅程.第一季[全3集][简繁英字幕].The.Grand-ish.Tour.S01.1080p.AMZN.WEB-DL.DDP.5.1.H.264-BlackTV 17.42GB.torrent,magnet:?xt=urn:btih:57A0A814C9FC3B8FF877FD005DCE439928E19EF2,综艺,1,1080p,BlackTV,17.42,有点伟大的旅程,The Grand-ish Tour,The Grand-ish Tour,英国,2026,321267,
有点伟大的旅程.第一季[全3集][简繁英字幕].The.Grand-ish.Tour.S01.2160p.AMZN.WEB-DL.DDP.5.1.H.265-BlackTV 26.90GB.torrent,magnet:?xt=urn:btih:326F5C14476B41529177F0FAC01F37AC237F85DB,综艺,1,2160p,BlackTV,26.9,有点伟大的旅程,The Grand-ish Tour,The Grand-ish Tour,英国,2026,321267,
有点伟大的旅程.第一季[全3集][简繁英字幕].The.Grand-ish.Tour.S01.2160p.AMZN.WEB-DL.DDP.5.1.HDR10.H.265-BlackTV 35.15GB.torrent,magnet:?xt=urn:btih:CD3EDDCFF78866C10EFE5342CA031581CFB264A7,综艺,1,2160p,BlackTV,35.15,有点伟大的旅程,The Grand-ish Tour,The Grand-ish Tour,英国,2026,321267,
未婚男女的效率恋爱[全12集][中文字幕].The.Practical.Guide.to.Love.S01.1080p.DSNP.WEB-DL.AAC.2.0.H.264-BlackTV 29.21GB.torrent,magnet:?xt=urn:btih:377543186F479C9764E578B88EA5F2614B741854,电视剧,1,1080p,BlackTV,29.21,未婚男女的效率恋爱,The Practical Guide to Love,미혼남녀의 효율적 만남,韩国,2026,287344,
末日巡逻队.第二季[HDR杜比视界双版本][全9集][简繁英字幕].2160p.Max.WEB-DL.DDP.5.1.DoVi.HDR.H.265-BlackTV 42.94GB.torrent,magnet:?xt=urn:btih:DAC9929F1B5006FEC5599C1B572217A2671ABCFF,电视剧,2,2160p,BlackTV,42.94,末日巡逻队,Doom Patrol,Doom Patrol,美国,2019,79501,
末日愚者[全12集][简繁英字幕].Goodbye.Earth.S01.2160p.NF.WEB-DL.DDP.5.1.Atmos.HDR10.H.265-BlackTV 95.32GB.torrent,magnet:?xt=urn:btih:CB21F9499D7C3C1E55751FCCF11B61337A799FB0,电视剧,1,2160p,BlackTV,95.32,末日愚者,Goodbye Earth,종말의 바보,韩国,2024,139547,
朱莉娅.第一季[HDR杜比视界双版本][全8集][简繁英字幕].Julia.S01.2160p.Max.WEB-DL.DDP.5.1.DoVi.HDR.H.265-BlackTV 55.06GB.torrent,magnet:?xt=urn:btih:7C3EAA1F0545336C0EAA5B120D2DEE43D2F11F13,电视剧,1,2160p,BlackTV,55.06,朱莉娅,Julia,Julia,美国,2022,116761,
权力的游戏.第一季[HDR杜比视界双版本][全10集][国英多音轨简繁英字幕].2160p.Max.WEB-DL.DDP.5.1.Atmos.DoVi.HDR.H.265-BlackTV 86.41GB.torrent,magnet:?xt=urn:btih:6158C9326628D1D0E5CDDCB7C1CEBAE538C1728B,电视剧,1,2160p,BlackTV,86.41,权力的游戏,Game of Thrones,Game of Thrones,美国,2011,1399,
权力的游戏.第四季[HDR杜比视界双版本][全10集][国英多音轨简繁英字幕].2160p.Max.WEB-DL.DDP.5.1.Atmos.DoVi.HDR.H.265-BlackTV 82.03GB.torrent,magnet:?xt=urn:btih:34D57AAE07F34D98B36FE6F8F5141BA4DB26E142,电视剧,4,2160p,BlackTV,82.03,权力的游戏,Game of Thrones,Game of Thrones,美国,2011,1399,
权欲第四章：武力.第二季[全10集][简繁英字幕].Power.Book.IV.Force.S02.1080p.NowPlayer.WEB-DL.AAC2.0.H.264-BlackTV 18.72GB.torrent,magnet:?xt=urn:btih:702C4467CBEE2EF2FD9A6FBACC65560E0C2B3ED2,电视剧,2,1080p,BlackTV,18.72,权欲第四章：武力,Power Book IV: Force,Power Book IV: Force,美国,2022,119845,
杰克·莱恩.第二季[全8集][简繁英字幕].Tom.Clancys.Jack.Ryan.S02.2160p.Amazon.WEB-DL.DDP5.1.Atmos.H.265-BlackTV 40.64GB.torrent,magnet:?xt=urn:btih:072B4A022044525A72B39AB037EB87355014350B,电视剧,2,2160p,BlackTV,40.64,杰克・莱恩,Tom Clancy's Jack Ryan,Tom Clancy's Jack Ryan,美国,2018,73375,
杰茜驾到.第四季[全22集][简繁英字幕].New.Girl.S04.1080p.DSNP.WEB-DL.DDP.5.1.H.264-BlackTV 29.33GB.torrent,magnet:?xt=urn:btih:0F746775E9BF837D0A2FFF0E5059B8E2BA03D753,电视剧,4,1080p,BlackTV,29.33,杰茜驾到,New Girl,New Girl,美国,2011,1420,
极速营救[全24集][国语配音中文字幕].Speed.Rescue.S01.2026.1080p.WEB-DL.H264.AAC-BlackTV 5.01GB.torrent,magnet:?xt=urn:btih:06BA78D1A7219FB22A5DF66275ABEB53360A52EF,电视剧,1,1080p,BlackTV,5.01,极速营救,Rescue the Girl,极速营救,中国,2026,296650,
极速营救[全24集][国语配音中文字幕].Speed.Rescue.S01.2026.2160p.WEB-DL.H265.AAC-BlackTV 9.49GB.torrent,magnet:?xt=urn:btih:9580E49A496D945BD7DF4324794011970C1544CA,电视剧,1,2160p,BlackTV,9.49,极速营救,Rescue the Girl,极速营救,中国,2026,296650,
柔美的细胞小将.第三季[全8集][无字片源].Yumis.Cells.S03.1080p.TVING.WEB-DL.AAC2.0.H.264-BlackTV 8.68GB.torrent,magnet:?xt=urn:btih:E46B2B439BDEAD30F80B5D78D6E73BE7CBFD7585,电视剧,3,1080p,BlackTV,8.68,柔美的细胞小将,Yumi's Cells,유미의 세포들,韩国,2021,128995,
查德·鲍尔斯.第一季[全6集][简繁英字幕].Chad.Powers.S01.2160p.Hulu.WEB-DL.DDP.5.1.H.265-BlackTV 18.81GB.torrent,magnet:?xt=urn:btih:D6E2F4146CFE027FAFE32040DF122C03130CE5F4,电视剧,1,2160p,BlackTV,18.81,查德·鲍尔斯,Chad Powers,Chad Powers,美国,2025,247168,
梅菲尔女巫.第二季[全8集][简繁英字幕].Anne.Rices.Mayfair.Witches.S02.1080p.NF.WEB-DL.DDP.5.1.H.264-BlackTV 15.54GB.torrent,magnet:?xt=urn:btih:1E2E3E93724BFECE060710A7842736007A5AACDF,电视剧,2,1080p,BlackTV,15.54,梅菲尔女巫,Mayfair Witches,Mayfair Witches,美国,2023,207863,
梅赛德斯先生.第一季[全10集][简繁英字幕].Mr.Mercedes.S01.1080p.NF.WEB-DL.DDP.5.1.H.264-BlackTV 22.00GB.torrent,magnet:?xt=urn:btih:83ED4EBD27C9B70B2F04F62DFD6F2FA8C41CECC2,电视剧,1,1080p,BlackTV,22.0,梅赛德斯先生,Mr. Mercedes,Mr. Mercedes,美国,2017,70485,
梅赛德斯先生.第三季[全10集][简繁英字幕].Mr.Mercedes.S03.1080p.NowPlayer.WEB-DL.AAC2.0.H.264-BlackTV 17.66GB.torrent,magnet:?xt=urn:btih:FAB0423632DD42E2FA2F73FD4DC3275620B44301,电视剧,3,1080p,BlackTV,17.66,梅赛德斯先生,Mr. Mercedes,Mr. Mercedes,美国,2017,70485,
模范爱侣.第一季[全6集][简繁英字幕].The.Perfect.Couple.S01.2160p.NF.WEB-DL.DDP.5.1.Atmos.HDR10.H.265-BlackTV 26.84GB.torrent,magnet:?xt=urn:btih:5FE7E7B0D1CD60F409D15323A2208D57340E20E1,电视剧,1,2160p,BlackTV,26.84,模范爱侣,The Perfect Couple,The Perfect Couple,美国,2024,220564,
欢迎光临.二代咖啡[全13集][国语配音中文字幕].1080p.HamiVideo.WEB-DL.AAC2.0.H.264-BlackTV 35.00GB.torrent,magnet:?xt=urn:btih:A6403DBF369A248F33A582B3B452C00D11702030,电视剧,,1080p,BlackTV,35.0,欢迎光临 二代咖啡,Would You Like a Cup of Coffee?,歡迎光臨 二代咖啡,台湾,2025,205380,
正义女神[全25集][国语音轨简繁英字幕].Themis.S01.2160p.MyTVSuper.WEB-DL.AAC2.0.H.265-BlackTV 73.93GB.torrent,magnet:?xt=urn:btih:233ED025F3A24269763F6131D7D7DF79562088FA,电视剧,1,2160p,BlackTV,73.93,正义女神,Themis,正義女神,中国香港特别行政区,2026,277412,
死亡男孩侦探社[全8集][简繁英字幕].Dead.Boy.Detectives.S01.2160p.NF.WEB-DL.DDP.5.1.Atmos.HDR10.H.265-BlackTV 58.83GB.torrent,magnet:?xt=urn:btih:6F831C5931E1BE8981E220159DDAFE82569DC2A6,电视剧,1,2160p,BlackTV,58.83,死亡男孩侦探社,Dead Boy Detectives,Dead Boy Detectives,美国,2024,132750,
死亡谷.第二季[全6集][无字片源].Death.Valley.S02.1080p.iP.WEB-DL.AAC.2.0.HFR.H.264-BlackTV 7.91GB.torrent,magnet:?xt=urn:btih:108C7760FC4B9F5FC7A43C043AAE5B95B7EE76B6,电视剧,2,1080p,BlackTV,7.91,死亡谷,Death Valley,Death Valley,美国,2025,254897,
残酷的实习生[全12集][中文字幕].Cold.Blooded.Intern.S01.1080p.HamiVideo.WEB-DL.AAC2.0.H.264-BlackTV 29.34GB.torrent,magnet:?xt=urn:btih:161BD38D19E8ACB3188D1BD127F0FBC87BE07084,电视剧,1,1080p,BlackTV,29.34,残酷的实习生,Cold Blooded Intern,잔혹한 인턴,韩国,2023,157847,
法律与秩序：特殊受害者.第二十七季[全21集][无字片源].1080p.Peacock.WEB-DL.DDP.5.1.H.264-BlackTV 41.63GB.torrent,magnet:?xt=urn:btih:B0AED121C6944C1E587440F77EC21E7F4E3E2246,电视剧,27,1080p,BlackTV,41.63,法律与秩序：特殊受害者,Law & Order: Special Victims Unit,Law & Order: Special Victims Unit,美国,1999,2734,
洛克比：寻找真相[全5集][简繁英字幕].Lockerbie.A.Search.for.Truth.S01.1080p.NowPlayer.WEB-DL.AAC2.0.H.264-BlackTV 8.92GB.torrent,magnet:?xt=urn:btih:A12DD6B6B0058BDD8AE6F0AE0325F162DFCBAFE0,电视剧,1,1080p,BlackTV,8.92,洛克比：寻找真相,Lockerbie: A Search for Truth,Lockerbie: A Search for Truth,英国,2025,244321,
洛基.第二季[杜比视界版本][全6集][中文字幕].Loki.S02.2160p.DSNP.WEB-DL.DDP.5.1.Atmos.DV.H.265-BlackTV 34.43GB.torrent,magnet:?xt=urn:btih:5BC6E741B5845F64D6D7F2378CDC07AE7909BD28,电视剧,2,2160p,BlackTV,34.43,洛基,Loki,Loki,美国,2021,84958,
浪漫的体质[全16集][简繁英字幕].Be.Melodramatic.S01.1080p.DSNP.WEB-DL.AAC.2.0.H.264-BlackTV 45.46GB.torrent,magnet:?xt=urn:btih:1EE73D82AC974E02F0742F30631A85EFDDDD18A0,电视剧,1,1080p,BlackTV,45.46,浪漫的体质,Be Melodramatic,멜로가 체질,韩国,2019,90720,
海上医疗队[全18集][简繁英字幕].Doctor.Odyssey.S01.1080p.DSNP.WEB-DL.DDP.5.1.H.264-BlackTV 27.22GB.torrent,magnet:?xt=urn:btih:7D21ECDEBF81A8487F762DD72476A0D8711C7726,电视剧,1,1080p,BlackTV,27.22,海上医疗队,Doctor Odyssey,Doctor Odyssey,美国,2024,249695,
火星生活[全16集][中文字幕].Life.On.Mars.S01.1080p.DSNP.WEB-DL.AAC.2.0.H.264-BlackTV 44.94GB.torrent,magnet:?xt=urn:btih:8C5399BE79E3BCF754551AE9321D5B81E613EE4C,电视剧,1,1080p,BlackTV,44.94,火星生活,Life on Mars,Life on Mars,美国,2008,3725,
火线.第一季[全13集][简繁英字幕].The.Wire.S01.1080p.Max.WEB-DL.DDP.2.0.H.264-BlackTV 57.37GB.torrent,magnet:?xt=urn:btih:E28E4D0657EE0A2C0AECD44D09E6AF089B4BA2EF,电视剧,1,1080p,BlackTV,57.37,火线,The Wire,The Wire,美国,2002,1438,
火线警告.第一季[全12集][简繁英字幕].Burn.Notice.S01.1080p.DSNP.WEB-DL.DDP.5.1.H.264-BlackTV 31.07GB.torrent,magnet:?xt=urn:btih:51CEFCA4F5DF62A72F06FEC88DA9439E33FF5F31,电视剧,1,1080p,BlackTV,31.07,火线警告,Burn Notice,Burn Notice,美国,2007,2919,
火线警告.第二季[全16集][简繁英字幕].Burn.Notice.S02.1080p.DSNP.WEB-DL.DDP.5.1.H.264-BlackTV 40.41GB.torrent,magnet:?xt=urn:btih:34EFAE1BD8369134CE824BFADEDE7B3AD549D65F,电视剧,2,1080p,BlackTV,40.41,火线警告,Burn Notice,Burn Notice,美国,2007,2919,
灵异街11号[全13集][国语配音中文字幕].The.Fearless.S01.1080p.LINETV.WEB-DL.AAC2.0.H.264-BlackTV 6.15GB.torrent,magnet:?xt=urn:btih:B1181970168B8644DFF77CBD6CF2A5E94340A279,电视剧,1,1080p,BlackTV,6.15,灵异街11号,The Fearless,靈異街11號,台湾,2019,93011,
烈火战车.第一季[全10集][中文字幕].Twisted.Metal.S01.2160p.Peacock.WEB-DL.DDP.5.1.HDR10.H.265-BlackTV 31.35GB.torrent,magnet:?xt=urn:btih:8F957BF535FBA2E8318C0701BE29E96BBB601911,电视剧,1,2160p,BlackTV,31.35,烈火战车,Twisted Metal,Twisted Metal,美国,2023,133748,
烬红妆[60帧率版本][全24集][国语配音中文字幕].Vow.in.Ashes.S01.2026.2160p.WEB-DL.H265.HDR.60fps.AAC-BlackTV 16.17GB.torrent,magnet:?xt=urn:btih:058B70AE431F0E9FB8A457E07463CB7C3EB7CAE7,电视剧,1,2160p,BlackTV,16.17,烬红妆,Vow in Ashes,烬红妆,中国,2026,321711,
烬红妆[全24集][国语配音中文字幕].Vow.in.Ashes.S01.2026.1080p.WEB-DL.H264.AAC-BlackTV 5.76GB.torrent,magnet:?xt=urn:btih:1CE198099FBC493FD5AFDDCEFE5C25E0BD09068C,电视剧,1,1080p,BlackTV,5.76,烬红妆,Vow in Ashes,烬红妆,中国,2026,321711,
烬红妆[全24集][国语配音中文字幕].Vow.in.Ashes.S01.2026.2160p.WEB-DL.H265.AAC-BlackTV 11.05GB.torrent,magnet:?xt=urn:btih:5DBE48246240FB2933FD4F4F777B5494B21C7CD4,电视剧,1,2160p,BlackTV,11.05,烬红妆,Vow in Ashes,烬红妆,中国,2026,321711,
熨斗家族[全52集][国韩多音轨简繁字幕].Iron.Family.S01.1080p.NowPlayer.WEB-DL.AAC2.0.H.264-BlackTV 80.89GB.torrent,magnet:?xt=urn:btih:2F541D19038BD194B0E27C5D8F4C923A6440FE4E,电视剧,1,1080p,BlackTV,80.89,熨斗家族,Iron Family,다리미 패밀리,韩国,2024,250385,
爱情的温度[全20集][中文字幕].Temperature.Of.Love.S01.1080p.HamiVideo.WEB-DL.AAC2.0.H.264-BlackTV 66.97GB.torrent,magnet:?xt=urn:btih:CB235913171A0A2626E1477ADF6D489F51D5CDC0,电视剧,1,1080p,BlackTV,66.97,爱情的温度,Temperature of Love,사랑의 온도,韩国,2017,73575,
犯罪心理：演变.第十八季[全10集][简繁英字幕].Criminal.Minds.S18.2160p.DSNP.WEB-DL.DDP.5.1.HDR10.H.265-BlackTV 44.96GB.torrent,magnet:?xt=urn:btih:FB6A467F7B5AC15A0332C800C50B9FB4DE9C2E27,电视剧,18,2160p,BlackTV,44.96,犯罪心理,Criminal Minds,Criminal Minds,美国,2005,4057,
狂医魔徒[全8集][简繁英字幕].Hyper.Knife.S01.2160p.DSNP.WEB-DL.DDP.5.1.HDR10.H.265-BlackTV 44.40GB.torrent,magnet:?xt=urn:btih:9CC6E3B290FB3B8F189450D4C7338CB7CB951CD3,电视剧,1,2160p,BlackTV,44.4,狂医魔徒,Hyper Knife,하이퍼나이프,韩国,2025,245079,
狩猎之妻.第一季[全8集][简繁英字幕].The.Hunting.Wives.S01.1080p.NF.WEB-DL.DDP.5.1.H.264-BlackTV 16.25GB.torrent,magnet:?xt=urn:btih:2D991D595636A160887EF05288DA551769CCBC70,电视剧,1,1080p,BlackTV,16.25,狩猎之妻,The Hunting Wives,The Hunting Wives,美国,2025,244447,
猎捕行动.第二季[全13集][无字片源].The.Hunting.Party.S02.1080p.Peacock.WEB-DL.DDP.5.1.H.264-BlackTV 25.31GB.torrent,magnet:?xt=urn:btih:92EA44BEE262F98602E482928DD930D7A9334BB3,电视剧,2,1080p,BlackTV,25.31,猎捕行动,The Hunting Party,The Hunting Party,美国,2025,247723,
猎犬.第二季[全7集][简繁英字幕].Bloodhounds.S02.2160p.NF.WEB-DL.DDP.5.1.Atmos.H.265-BlackTV 44.97GB.torrent,magnet:?xt=urn:btih:5F3ADDABE22F456244F5C3260A4C1022B5FB0C9F,电视剧,2,2160p,BlackTV,44.97,猎犬,Bloodhounds,사냥개들,韩国,2023,127529,
猎魔人.第四季[全8集][简繁英字幕].The.Witcher.S04.2160p.NF.WEB-DL.DDP.5.1.Atmos.HDR10.H.265-BlackTV 53.10GB.torrent,magnet:?xt=urn:btih:9AF787E5B1CBFF07BEF808B7895BDCF3C02DA251,电视剧,4,2160p,BlackTV,53.1,猎魔人,The Witcher,The Witcher,美国,2019,71912,
玛雅帮.第四季[全10集][简繁英字幕].Mayans.M.C.S04.1080p.DSNP.WEB-DL.DDP.5.1.H.264-BlackTV 21.48GB.torrent,magnet:?xt=urn:btih:22F54FFE66F50FF69450F9A3D7A547B1138BFD5A,电视剧,4,1080p,BlackTV,21.48,玛雅帮,Mayans M.C.,Mayans M.C.,美国,2018,76231,
用餐愉快[全8集][简繁英字幕].Bon.Appetit.S01.2023.2160p.IQ.WEB-DL.H265.AAC-BlackTV 5.21GB.torrent,magnet:?xt=urn:btih:A089FB043E4CE2261FF10B4BD61900FF774A5932,电视剧,1,2160p,BlackTV,5.21,用餐愉快,Bon Appetit,본아페티,韩国,2023,234267,
男朋友[全16集][国韩多音轨中文字幕].Encounter.S01.1080p.HamiVideo.WEB-DL.AAC2.0.H.264-BlackTV 61.95GB.torrent,magnet:?xt=urn:btih:3889614840FCF0DFB9169B0C15F9FD6B776E97D8,电视剧,1,1080p,BlackTV,61.95,男朋友,Encounter,남자친구,韩国,2018,83941,
百次的回忆[全12集][中文字幕].A.Hundred.Memories.S01.1080p.HamiVideo.WEB-DL.AAC2.0.H.264-BlackTV 52.06GB.torrent,magnet:?xt=urn:btih:95700DA0A3192F3DE774830D86D5A37E6CE9B28B,电视剧,1,1080p,BlackTV,52.06,百次的回忆,A Hundred Memories,백번의 추억,韩国,2025,271889,
盗贼之歌[全9集][简繁英字幕].Song.of.the.Bandits.S01.1080p.NF.WEB-DL.DDP.5.1.Atmos.H.264-BlackTV 20.80GB.torrent,magnet:?xt=urn:btih:861D452B0F3F47B50B0FCFE4B11F25241CA87A42,电视剧,1,1080p,BlackTV,20.8,盗贼之歌,Song of the Bandits,도적: 칼의 소리,韩国,2023,136368,
真实故事改编.第二季[全8集][简繁英字幕].Based.On.A.True.Story.S02.1080p.Max.WEB-DL.DDP.5.1.H.264-BlackTV 8.00GB.torrent,magnet:?xt=urn:btih:7B72C4DC1840D5F3D1784AC7945C6EE1C649B397,电视剧,2,1080p,BlackTV,8.0,真实故事改编,Based on a True Story,Based on a True Story,美国,2023,197373,
真相[全7集][简繁英字幕].True.Story.S01.2160p.NF.WEB-DL.DDP.5.1.Atmos.HDR10.H.265-BlackTV 33.43GB.torrent,magnet:?xt=urn:btih:7FDFE7125F8609FE478CB60955CEEF965173DC28,电视剧,1,2160p,BlackTV,33.43,真相,True Story,True Story,美国,2021,134029,
神话任务.第四季[全10集][简繁英字幕].Mythic.Quest.S04.1080p.Apple.TV.WEB-DL.DDP.5.1.Atmos.H.264-BlackTV 20.09GB.torrent,magnet:?xt=urn:btih:7C9AE188F8514A56D39D576D3C076A9CB76B89B0,电视剧,4,1080p,BlackTV,20.09,神话任务,Mythic Quest,Mythic Quest,美国,2020,94951,
穿越者.第二季[全12集][简繁英字幕].Travelers.S02.2160p.NF.WEB-DL.DDP.5.1.H.265-BlackTV 47.19GB.torrent,magnet:?xt=urn:btih:7D0F538EF43B5A36D2C46D6A007578C76D32469C,电视剧,2,2160p,BlackTV,47.19,穿越者,Travelers,Travelers,加拿大,2016,67683,
第8个秀[全8集][简繁英字幕].The.8.Show.S01.1080p.NF.WEB-DL.DDP.5.1.Atmos.H.264-BlackTV 19.73GB.torrent,magnet:?xt=urn:btih:C872E010F68FA6FED561D5CBCCA25C78CF5FDB95,电视剧,1,1080p,BlackTV,19.73,第8个秀,The 8 Show,The 8 Show,韩国,2024,156484,
第五大道.第一季[HDR杜比视界双版本][全9集][简繁英字幕].2160p.Max.WEB-DL.DDP.5.1.DoVi.HDR.H.265-BlackTV 38.11GB.torrent,magnet:?xt=urn:btih:3D90F7D42787F03317FC12FE72E17E6A493B6D01,电视剧,1,2160p,BlackTV,38.11,第五大道,Avenue 5,Avenue 5,美国,2020,90811,
红天鹅[全10集][中文字幕].Red.Swan.S01.2160p.Disney.WEB-DL.DDP.5.1.H.265-BlackTV 73.14GB.torrent,magnet:?xt=urn:btih:7A03AC0D109F4ECD422F5B12AE6BDF893F7828D7,电视剧,1,2160p,BlackTV,73.14,红天鹅,Red Swan,화인가 스캔들,韩国,2024,227189,
纸牌屋.第三季[全13集][简繁英字幕].House.of.Cards.S03.2160p.NF.WEB-DL.DDP.5.1.H.265-BlackTV 59.57GB.torrent,magnet:?xt=urn:btih:09C98F0D0AA322CBBE9833FDBB81F45EBD175DB1,电视剧,3,2160p,BlackTV,59.57,纸牌屋,House of Cards,House of Cards,美国,2013,1425,
纸钞屋：柏林.第二季[全8集][简繁英字幕].1080p.NF.WEB-DL.DDP.5.1.Atmos.H.264-BlackTV 16.80GB.torrent,magnet:?xt=urn:btih:48B0F81F34BC542C1331FE02562F3D7881C0528D,电视剧,2,1080p,BlackTV,16.8,纸钞屋/柏林,,纸钞屋：柏林.第二季,,,,TMDB未匹配; 中文候选=纸钞屋/柏林 / 纸钞屋 / 柏林
纸钞屋：柏林.第二季[全8集][简繁英字幕].2160p.NF.WEB-DL.DDP.5.1.Atmos.H.265-BlackTV 47.53GB.torrent,magnet:?xt=urn:btih:D24A077A708FFCD1837E71C1EB541055CAE4C3FD,电视剧,2,2160p,BlackTV,47.53,纸钞屋/柏林,,纸钞屋：柏林.第二季,,,,TMDB未匹配; 中文候选=纸钞屋/柏林 / 纸钞屋 / 柏林
纸钞屋：柏林.第二季[全8集][简繁英字幕].2160p.NF.WEB-DL.DDP.5.1.Atmos.HDR10.H.265-BlackTV 44.39GB.torrent,magnet:?xt=urn:btih:64DE2E009BA51BC1A3CC55669AF951411725A21F,电视剧,2,2160p,BlackTV,44.39,纸钞屋/柏林,,纸钞屋：柏林.第二季,,,,TMDB未匹配; 中文候选=纸钞屋/柏林 / 纸钞屋 / 柏林
纸钞屋：柏林.第二季[杜比视界版本][全8集][简繁英字幕].2160p.NF.WEB-DL.DDP.5.1.Atmos.DV.H.265-BlackTV 54.60GB.torrent,magnet:?xt=urn:btih:1AF1459EEA6F01CECA8AB698A292F0D1EABABE94,电视剧,2,2160p,BlackTV,54.6,纸钞屋/柏林,,纸钞屋：柏林.第二季,,,,TMDB未匹配; 中文候选=纸钞屋/柏林 / 纸钞屋 / 柏林
绊跌踉跄[全13集][无字片源].Stumble.S01.1080p.Peacock.WEB-DL.DDP.5.1.H.264-BlackTV 9.96GB.torrent,magnet:?xt=urn:btih:DADD2865A3C9173E8981C90244FECA491B0DBC27,电视剧,1,1080p,BlackTV,9.96,绊跌踉跄,Stumble,Stumble,美国,2025,296579,
绝望写手.第三季[全9集][简繁英字幕].Hacks.S03.1080p.Max.WEB-DL.DDP.5.1.H.264-BlackTV 6.78GB.torrent,magnet:?xt=urn:btih:11A5779DC4166E854061CA3246FBE2B1FEBDD573,电视剧,3,1080p,BlackTV,6.78,绝望写手,Hacks,Hacks,美国,2021,124101,
绝望写手.第四季[杜比视界版本][全10集][简繁英字幕].Hacks.S04.2160p.Max.WEB-DL.DDP.5.1.DV.H.265-BlackTV 48.35GB.torrent,magnet:?xt=urn:btih:7982D90F2F7489AF774C2827598AB74C691C3102,电视剧,4,2160p,BlackTV,48.35,绝望写手,Hacks,Hacks,美国,2021,124101,
绿岛金魂[全6集][国语音轨简繁英字幕].Golden.Dream.on.Green.Island.S01.1080p.MyVideo.WEB-DL.AAC2.0.H.264-BlackTV 9.47GB.torrent,magnet:?xt=urn:btih:07FEB926099BDC4E87D63670206AD663E1ACF492,电视剧,1,1080p,BlackTV,9.47,绿岛金魂,Golden Dream on Green Island,茁劇場：綠島金魂,台湾,2022,207032,
绿箭侠.第八季[全10集][简繁英字幕].Arrow.S08.1080p.NF.WEB-DL.DDP.5.1.H.264-BlackTV 17.06GB.torrent,magnet:?xt=urn:btih:286EBEDA0731B0BE80C987C0655B890FA0B56D66,电视剧,8,1080p,BlackTV,17.06,绿箭侠,Arrow,Arrow,美国,2012,1412,
罪案痕迹[60帧率版本][全25集][国语配音中文字幕].2026.2160p.WEB-DL.H265.HDR.60fps.AAC-BlackTV 18.53GB.torrent,magnet:?xt=urn:btih:0DC9AB3DC4DD5E46705DDB70BB8B9C3466BE06AF,电视剧,,2160p,BlackTV,18.53,罪案痕迹,Echoes of Evidence,罪案痕迹,中国,2026,321712,
罪案痕迹[全25集][国语配音中文字幕].Echoes.of.Evidence.S01.2026.1080p.WEB-DL.H264.AAC-BlackTV 6.84GB.torrent,magnet:?xt=urn:btih:4036C742640492B75DA5E217E8F3DFF1F9E5504E,电视剧,1,1080p,BlackTV,6.84,罪案痕迹,Echoes of Evidence,罪案痕迹,中国,2026,321712,
罪案痕迹[全25集][国语配音中文字幕].Echoes.of.Evidence.S01.2026.2160p.WEB-DL.H265.AAC-BlackTV 12.45GB.torrent,magnet:?xt=urn:btih:C85C04ECEB5449B4B125D2188F372FF78C5645E2,电视剧,1,2160p,BlackTV,12.45,罪案痕迹,Echoes of Evidence,罪案痕迹,中国,2026,321712,
罪案痕迹[全25集][国语配音中文字幕].Echoes.of.Evidence.S01.2026.2160p.WEB-DL.H265.HDR.AAC-BlackTV 35.57GB.torrent,magnet:?xt=urn:btih:1F1B2C42A44346650FF0490F4DA9FCB1F93B6639,电视剧,1,2160p,BlackTV,35.57,罪案痕迹,Echoes of Evidence,罪案痕迹,中国,2026,321712,
美国恐怖故事集.第一季[全7集][简繁英字幕].American.Horror.Stories.S01.2160p.Hulu.WEB-DL.DDP.5.1.H.265-BlackTV 28.30GB.torrent,magnet:?xt=urn:btih:FF99DCDDD78A691E7521337D75AEAA193D67FE1C,电视剧,1,2160p,BlackTV,28.3,美国恐怖故事集,American Horror Stories,American Horror Stories,美国,2021,113036,
翡冷翠十日谈[全8集][简繁英字幕].The.Decameron.S01.2160p.NF.WEB-DL.DDP.5.1.Atmos.HDR10.H.265-BlackTV 61.54GB.torrent,magnet:?xt=urn:btih:D57B88F4E93287B66729599392C0FF11EB1FAD8D,电视剧,1,2160p,BlackTV,61.54,翡冷翠十日谈,The Decameron,The Decameron,美国,2024,250162,
老爸老妈的浪漫史.第二季[全22集][简繁英字幕].How.I.Met.Your.Mother.S02.1080p.DSNP.WEB-DL.DDP.5.1.H.264-BlackTV 29.54GB.torrent,magnet:?xt=urn:btih:FDEF31A33A8B7BDCF1EDADB36DB31FD6DFFFD06B,电视剧,2,1080p,BlackTV,29.54,老爸老妈的浪漫史,How I Met Your Mother,How I Met Your Mother,美国,2005,1100,
老舅[全27集][国语配音中文字幕].Uncle.S01.1080p.HamiVideo.WEB-DL.AAC2.0.H.264-BlackTV 68.19GB.torrent,magnet:?xt=urn:btih:7BA5467FB32D63CD59EC93CE9974BEEEB5E0E2B9,电视剧,1,1080p,BlackTV,68.19,废柴舅舅,Uncle,Uncle,英国,2014,62019,
耶路撒冷地[全10集][简繁英字幕].Chapelwaite.S01.1080p.NowPlayer.WEB-DL.AAC2.0.H.264-BlackTV 16.38GB.torrent,magnet:?xt=urn:btih:A4282F7609D6338E05D896C8CF54621CDAB8A81E,电视剧,1,1080p,BlackTV,16.38,耶路撒冷地,Chapelwaite,Chapelwaite,美国,2021,126118,
良药苦口.第一季[全13集][无字片源].Best.Medicine.S01.1080p.Hulu.WEB-DL.DDP.5.1.H.264-BlackTV 18.41GB.torrent,magnet:?xt=urn:btih:15FD6D0659A72417AD2FDB56193FAD027D1CA2C9,电视剧,1,1080p,BlackTV,18.41,良药苦口,Best Medicine,Best Medicine,美国,2026,291084,
芝加哥急救.第十一季[全21集][无字片源].Chicago.Med.S11.1080p.Peacock.WEB-DL.DDP.5.1.H.264-BlackTV 43.10GB.torrent,magnet:?xt=urn:btih:01FBCD06998CDFE9B1F32C6D4BC52EC005BFF546,电视剧,11,1080p,BlackTV,43.1,芝加哥急救,Chicago Med,Chicago Med,美国,2015,62650,
芝加哥烈焰.第八季[全20集][简繁英字幕].Chicago.Fire.S08.1080p.AMZN.WEB-DL.DDP.5.1.H.264-BlackTV 58.09GB.torrent,magnet:?xt=urn:btih:31EB9CEA784BCC1A6C0724E93AB69243B6776EC9,电视剧,8,1080p,BlackTV,58.09,芝加哥烈焰,Chicago Fire,Chicago Fire,美国,2012,44006,
芝加哥烈焰.第十二季[全13集][中文字幕].Chicago.Fire.S12.1080p.NowE.WEB-DL.AAC2.0.H.264-BlackTV 17.52GB.torrent,magnet:?xt=urn:btih:DECB7F51C8B4C87F84B95BF7750C2E30824C4A8C,电视剧,12,1080p,BlackTV,17.52,芝加哥烈焰,Chicago Fire,Chicago Fire,美国,2012,44006,
芝加哥烈焰.第十四季[全21集][无字片源].Chicago.Fire.S14.1080p.Peacock.WEB-DL.DDP.5.1.H.264-BlackTV 30.24GB.torrent,magnet:?xt=urn:btih:C8F9204308441F37FA8C70B834AE8AF58C53CB98,电视剧,14,1080p,BlackTV,30.24,芝加哥烈焰,Chicago Fire,Chicago Fire,美国,2012,44006,
芝加哥警署.第九季[全22集][简繁英字幕].Chicago.P.D.S09.1080p.AMZN.WEB-DL.DDP.5.1.H.264-BlackTV 60.00GB.torrent,magnet:?xt=urn:btih:21AB6224CD3F827F02C935BBB798081B98158DC0,电视剧,9,1080p,BlackTV,60.0,芝加哥警署,Chicago P.D.,Chicago P.D.,美国,2014,58841,
芝加哥警署.第十三季[全21集][无字片源].Chicago.P.D.S13.1080p.Peacock.WEB-DL.DDP.5.1.H.264-BlackTV 29.17GB.torrent,magnet:?xt=urn:btih:0C0141A79E77D5588580AF68EBF0D1BD53F8C777,电视剧,13,1080p,BlackTV,29.17,芝加哥警署,Chicago P.D.,Chicago P.D.,美国,2014,58841,
芭妮与哥哥们[全12集][中文字幕].Crushology.101.S01.1080p.NowPlayer.WEB-DL.AAC2.0.H.264-BlackTV 26.34GB.torrent,magnet:?xt=urn:btih:B1E6D67342857F054C75053E6F3EDB9C1CFF9E06,电视剧,1,1080p,BlackTV,26.34,芭妮与哥哥们,Crushology 101,바니와 오빠들,韩国,2025,262828,
萤火虫小巷.第一季[全10集][简繁英字幕].Firefly.Lane.S01.2160p.NF.WEB-DL.DDP.5.1.Atmos.H.265-BlackTV 44.29GB.torrent,magnet:?xt=urn:btih:2E6F6EB5B2F30C06CFA438BF16B9515759E9AFB4,电视剧,1,2160p,BlackTV,44.29,萤火虫小巷,Firefly Lane,Firefly Lane,美国,2021,87049,
萨布丽娜的惊心冒险.第二季[杜比视界版本][全9集][简繁英字幕].2160p.NF.WEB-DL.DDP.5.1.DV.H.265-BlackTV 65.42GB.torrent,magnet:?xt=urn:btih:A696FED8672D5B19ABA18487CF95F232A119ACF8,电视剧,2,2160p,BlackTV,65.42,萨布丽娜的惊心冒险,Chilling Adventures of Sabrina,Chilling Adventures of Sabrina,美国,2018,79242,
萨布丽娜的惊心冒险.第四季[全8集][简繁英字幕].2160p.NF.WEB-DL.DDP.5.1.H.265-BlackTV 38.88GB.torrent,magnet:?xt=urn:btih:C04179051CFC299761A439FA8B0A4C11E33DA6F4,电视剧,4,2160p,BlackTV,38.88,萨布丽娜的惊心冒险,Chilling Adventures of Sabrina,Chilling Adventures of Sabrina,美国,2018,79242,
萨布丽娜的惊心冒险.第四季[全8集][简繁英字幕].2160p.NF.WEB-DL.DDP.5.1.HDR10.H.265-BlackTV 32.73GB.torrent,magnet:?xt=urn:btih:CA9D8A94BDBE2F5206439AFE27351333777C01FC,电视剧,4,2160p,BlackTV,32.73,萨布丽娜的惊心冒险,Chilling Adventures of Sabrina,Chilling Adventures of Sabrina,美国,2018,79242,
行尸走肉.第四季[全16集][简繁英字幕].The.Walking.Dead.S04.1080p.DSNP.WEB-DL.DDP.5.1.H.264-BlackTV 40.46GB.torrent,magnet:?xt=urn:btih:636359B24BAF48948543BB63C62B3469CAE8FC35,电视剧,4,1080p,BlackTV,40.46,行尸走肉,The Walking Dead,The Walking Dead,美国,2010,1402,
订阅男友[全10集][简繁英字幕].Boyfriend.on.Demand.S01.2160p.NF.WEB-DL.DDP.5.1.Atmos.HDR10.H.265-BlackTV 47.05GB.torrent,magnet:?xt=urn:btih:8A42E3037530D0FAB14227F6B183086F364C7D87,电视剧,1,2160p,BlackTV,47.05,订阅男友,Boyfriend on Demand,월간남친,韩国,2026,281016,
记账人.第二季[全8集][简繁英字幕].Bookie.S02.2160p.Max.WEB-DL.DDP.5.1.Atmos.H.265-BlackTV 17.31GB.torrent,magnet:?xt=urn:btih:837D65BA4EDA14871904DE604ABC60CB0AE57579,电视剧,2,2160p,BlackTV,17.31,记账人,Bookie,Bookie,美国,2023,221486,
识骨寻踪.第二季[全21集][简繁英字幕].Bones.S02.1080p.DSNP.WEB-DL.DDP.5.1.H.264-BlackTV 50.99GB.torrent,magnet:?xt=urn:btih:75D8435FB2ABD3DC27D10F2EFDFBAB75FFAED05F,电视剧,2,1080p,BlackTV,50.99,识骨寻踪,Bones,Bones,美国,2005,1911,
识骨寻踪.第二季[全21集][简繁英字幕].Bones.S02.1080p.NF.WEB-DL.DDP.5.1.H.264-BlackTV 35.90GB.torrent,magnet:?xt=urn:btih:A761653C7FE0F5876006B773D88170B4E2653560,电视剧,2,1080p,BlackTV,35.9,识骨寻踪,Bones,Bones,美国,2005,1911,
诊疗中.第三季[全11集][简繁英字幕].Shrinking.S03.2160p.Apple.TV.WEB-DL.DDP.5.1.Atmos.H.265-BlackTV 60.69GB.torrent,magnet:?xt=urn:btih:7527657BB4B3869C23D7CC5152BB06CC997DAE37,电视剧,3,2160p,BlackTV,60.69,诊疗中,Shrinking,Shrinking,美国,2023,136311,
诊疗中.第三季[全11集][简繁英字幕].Shrinking.S03.2160p.Apple.TV.WEB-DL.DDP.5.1.Atmos.HDR10.H.265-BlackTV 71.30GB.torrent,magnet:?xt=urn:btih:FF0ABCA665A74A7A3BE8BE97825AC9A5E45D9929,电视剧,3,2160p,BlackTV,71.3,诊疗中,Shrinking,Shrinking,美国,2023,136311,
赤月青日[全16集][中文字幕].Children.of.Nobody.S01.1080p.HamiVideo.WEB-DL.AAC2.0.H.264-BlackTV 53.42GB.torrent,magnet:?xt=urn:btih:CCCEF410D5CB2AB8C7F734DAD02D81C76D1A6A63,电视剧,1,1080p,BlackTV,53.42,赤月青日,Children of Nobody,붉은 달 푸른 해,韩国,2018,83940,
超能路人甲[全8集][简繁英字幕].The.WONDERfools.S01.1080p.NF.WEB-DL.DDP.5.1.Atmos.H.264-BlackTV 22.04GB.torrent,magnet:?xt=urn:btih:886A1C5ED3499B5A8258BE464062F2B0DDEDB982,电视剧,1,1080p,BlackTV,22.04,超能路人甲,The WONDERfools,원더풀스,韩国,2026,259837,
超能路人甲[全8集][简繁英字幕].The.WONDERfools.S01.2160p.NF.WEB-DL.DDP.5.1.Atmos.H.265-BlackTV 67.69GB.torrent,magnet:?xt=urn:btih:D2B88E94E28171E10679E2743C5693AA188AFB2A,电视剧,1,2160p,BlackTV,67.69,超能路人甲,The WONDERfools,원더풀스,韩国,2026,259837,
超能路人甲[全8集][简繁英字幕].The.WONDERfools.S01.2160p.NF.WEB-DL.DDP.5.1.Atmos.HDR10.H.265-BlackTV 76.30GB.torrent,magnet:?xt=urn:btih:0177638E94057415555651A4D11416660602CDC9,电视剧,1,2160p,BlackTV,76.3,超能路人甲,The WONDERfools,원더풀스,韩国,2026,259837,
超能路人甲[杜比视界版本][全8集][简繁英字幕].The.WONDERfools.S01.2160p.NF.WEB-DL.DDP.5.1.Atmos.DV.H.265-BlackTV 75.52GB.torrent,magnet:?xt=urn:btih:CD00EE8BBC80427E077384A7ADA22DE874B28935,电视剧,1,2160p,BlackTV,75.52,超能路人甲,The WONDERfools,원더풀스,韩国,2026,259837,
辐射.第一季[全8集][简繁英字幕].Fallout.S01.1080p.AMZN.WEB-DL.DDP.5.1.Atmos.H.264-BlackTV 30.06GB.torrent,magnet:?xt=urn:btih:06B89BDCC1EA3D4CB6D0DAFBB22E61CB4B1D7817,电视剧,1,1080p,BlackTV,30.06,辐射,Fallout,Fallout,美国,2024,106379,
远方牧场[全6集][简繁英字幕].Faraway.Downs.S01.2160p.Hulu.WEB-DL.DDP.5.1.H.265-BlackTV 23.59GB.torrent,magnet:?xt=urn:btih:875245AE3B6040A6D5454EA6318FCB5A821F14E1,电视剧,1,2160p,BlackTV,23.59,远方牧场,Faraway Downs,Faraway Downs,澳大利亚/英国/美国,2023,204999,
违反校规的跳投[全4集][国语配音中文字幕].Fly.the.Jumper.S01.1080p.MyVideo.WEB-DL.DD5.1.H.264-BlackTV 3.29GB.torrent,magnet:?xt=urn:btih:3C1C4677290DDCE3FDCB82830A5F4FEE45FD32D9,电视剧,1,1080p,BlackTV,3.29,违反校规的跳投,Fly the Jumper,違反校規的跳投,台湾,2020,110713,
逆转[全8集][简繁英字幕].Reverse.S01.1080p.Viu.WEB-DL.AAC2.0.H.264-BlackTV 6.28GB.torrent,magnet:?xt=urn:btih:FE6E6B85FE04AE78C28BED8B03CFAE440BE77004,电视剧,1,1080p,BlackTV,6.28,逆转,Reverse,리버스,韩国,2026,284000,
逆转狂篮.第一季[全10集][简繁英字幕].Running.Point.S01.2160p.NF.WEB-DL.DDP.5.1.Atmos.H.265-BlackTV 26.55GB.torrent,magnet:?xt=urn:btih:84073B8C24CA54B58E78B5167731F7BA25B7502C,电视剧,1,2160p,BlackTV,26.55,男篮女主,Running Point,Running Point,美国,2025,244623,
逍遥法外.第一季[全15集][国英多音轨简繁英字幕].1080p.NF.WEB-DL.DDP.5.1.H.264-BlackTV 31.20GB.torrent,magnet:?xt=urn:btih:AD5F92BB549BC568D8C2AA1FE8930D8FBEF181D3,电视剧,1,1080p,BlackTV,31.2,逍遥法外,How to Get Away with Murder,How to Get Away with Murder,美国,2014,61056,
透明家庭.第四季[全10集][简繁英字幕].Transparent.S04.1080p.AMZN.WEB-DL.DDP.5.1.H.264-BlackTV 14.54GB.torrent,magnet:?xt=urn:btih:FE6B54A0FED01A910FC2327CBE32D3B60690D50A,电视剧,4,1080p,BlackTV,14.54,透明家庭,Transparent,Transparent,美国,2014,61406,
通灵少女.第二季[全8集][国语音轨简繁英字幕].The.Teenage.Psychic.S02.1080p.Max.WEB-DL.DDP.5.1.H.264-BlackTV 9.65GB.torrent,magnet:?xt=urn:btih:1B2C76038E942EBDCB965D4AF06D039AE0A4FC68,电视剧,2,1080p,BlackTV,9.65,通灵少女,The Teenage Psychic,通靈少女,台湾,2017,71052,
都是她的错[全8集][简繁英字幕].All.Her.Fault.S01.1080p.HBOMax.WEB-DL.DDP.5.1.H.264-BlackTV 6.18GB.torrent,magnet:?xt=urn:btih:3D195AA21D2E15D6B989527940F0CD3377E2F374,电视剧,1,1080p,BlackTV,6.18,都是她的错,All Her Fault,All Her Fault,英国,2025,246386,
重案解密[全12集][国语配音中文字幕].Case.X.Decoded.S01.1080p.HamiVideo.WEB-DL.AAC2.0.H.264-BlackTV 30.22GB.torrent,magnet:?xt=urn:btih:AD946C6F626E8E95E8F842971A0D8A0A7BEF2D6A,电视剧,1,1080p,BlackTV,30.22,重案解密,Case X Decoded,重案解密,中国香港特别行政区,2026,290700,
金子般我的明星[全12集][简繁英字幕].My.Troublesome.Star.S01.1080p.Viu.WEB-DL.AAC2.0.H.264-BlackTV 13.19GB.torrent,magnet:?xt=urn:btih:FEFE48D354D3D5CD171758174CBA092D43BD3E10,电视剧,1,1080p,BlackTV,13.19,金子般我的明星,My Troublesome Star,금쪽같은 내 스타,韩国,2025,281966,
钢铁之心[杜比视界版本][全6集][简繁英字幕].Ironheart.S01.2160p.DSNP.WEB-DL.DDP.5.1.Atmos.DV.H.265-BlackTV 32.89GB.torrent,magnet:?xt=urn:btih:54F835B58D80773541D5E9664FC179D7B8C4EB7D,电视剧,1,2160p,BlackTV,32.89,钢铁之心,Ironheart,Ironheart,美国,2025,114471,
锋利的口琴[60帧率版本][全16集][国语配音中文字幕].2026.2160p.WEB-DL.H265.HDR.60fps.AAC-BlackTV 11.47GB.torrent,magnet:?xt=urn:btih:12688EAB74F49649BAD9D0F26DE463AF86DB68B2,电视剧,,2160p,BlackTV,11.47,锋利的口琴,Sharp Harmonica,锋利的口琴,中国,2026,320512,
锋利的口琴[全16集][国语配音中文字幕].Sharp.Harmonica.S01.2026.1080p.WEB-DL.H264.AAC-BlackTV 3.74GB.torrent,magnet:?xt=urn:btih:9870C5132CA584325877DE61A1AC9F20304FBB6A,电视剧,1,1080p,BlackTV,3.74,锋利的口琴,Sharp Harmonica,锋利的口琴,中国,2026,320512,
锋利的口琴[全16集][国语配音中文字幕].Sharp.Harmonica.S01.2026.2160p.WEB-DL.H265.AAC-BlackTV 8.60GB.torrent,magnet:?xt=urn:btih:C63C3D41358A5B66DEECA637E3D0F555CCAC9C6D,电视剧,1,2160p,BlackTV,8.6,锋利的口琴,Sharp Harmonica,锋利的口琴,中国,2026,320512,
锋利的口琴[全16集][国语配音中文字幕].Sharp.Harmonica.S01.2026.2160p.WEB-DL.H265.HDR.AAC-BlackTV 23.69GB.torrent,magnet:?xt=urn:btih:636F77ED2C9BBAA48A69A145C8ABB37FCC6D7E89,电视剧,1,2160p,BlackTV,23.69,锋利的口琴,Sharp Harmonica,锋利的口琴,中国,2026,320512,
锥镇物语[杜比视界版本][全7集][简繁英字幕].Bodkin.S01.2160p.NF.WEB-DL.DDP.5.1.Atmos.DV.H.265-BlackTV 43.18GB.torrent,magnet:?xt=urn:btih:C283A19879886C16114B5ACB7AFFF73EEB96DC91,电视剧,1,2160p,BlackTV,43.18,锥镇物语,Bodkin,Bodkin,美国,2024,241257,
阶梯之间[HDR杜比视界双版本][全8集][简繁英字幕].2160p.Max.WEB-DL.DDP.5.1.Atmos.DoVi.HDR.H.265-BlackTV 79.66GB.torrent,magnet:?xt=urn:btih:089266EF85EAD359F8ECFBC3EA047C6737D169C5,纪录片,,2160p,BlackTV,79.66,阶梯之间,The Staircase,The Staircase,美国,2022,122196,
阿曼达·诺克斯杀人疑案[HDR杜比视界双版本][全8集][简繁英字幕].2160p.Hulu.WEB-DL.DDP.5.1.DoVi.HDR10.H.265-BlackTV 39.30GB.torrent,magnet:?xt=urn:btih:7953EE92057DE0F0BC1B93B5DEBD6055D96AC628,电视剧,,2160p,BlackTV,39.3,阿曼达·诺克斯杀人疑案,The Twisted Tale of Amanda Knox,The Twisted Tale of Amanda Knox,美国,2025,248416,
陨落星辰.第一季[全10集][简繁英字幕].Falling.Skies.S01.1080p.NF.WEB-DL.DDP.5.1.H.264-BlackTV 17.34GB.torrent,magnet:?xt=urn:btih:9A8541E520BC9C18CE4F6FD47B5A8F589B01F78E,电视剧,1,1080p,BlackTV,17.34,陨落星辰,Falling Skies,Falling Skies,美国,2011,34967,
陨落星辰.第三季[全10集][简繁英字幕].Falling.Skies.S03.1080p.NF.WEB-DL.DDP.5.1.H.264-BlackTV 17.39GB.torrent,magnet:?xt=urn:btih:0C2F70533A9131C693661F75AB7110DE6744CC4C,电视剧,3,1080p,BlackTV,17.39,陨落星辰,Falling Skies,Falling Skies,美国,2011,34967,
陨落星辰.第二季[全10集][简繁英字幕].Falling.Skies.S02.1080p.NF.WEB-DL.DDP.5.1.H.264-BlackTV 17.97GB.torrent,magnet:?xt=urn:btih:9B46F54A087CC257B67197A154FFB0345FE21BF1,电视剧,2,1080p,BlackTV,17.97,陨落星辰,Falling Skies,Falling Skies,美国,2011,34967,
陨落星辰.第五季[全10集][简繁英字幕].Falling.Skies.S05.1080p.NF.WEB-DL.DDP.5.1.H.264-BlackTV 17.05GB.torrent,magnet:?xt=urn:btih:2407DAC62719C979387F3C853DF3D07161AC7331,电视剧,5,1080p,BlackTV,17.05,陨落星辰,Falling Skies,Falling Skies,美国,2011,34967,
陪玩的女人[全16集][中文字幕].My.Sweet.Mobster.S01.1080p.Viu.WEB-DL.AAC2.0.H.264-BlackTV 15.03GB.torrent,magnet:?xt=urn:btih:B449B6A9C0CD40918CF6201F127049459DB90C16,电视剧,1,1080p,BlackTV,15.03,陪玩的女人,My Sweet Mobster,놀아주는 여자,韩国,2024,215000,
隔离死城[全13集][中文字幕].Containment.S01.2016.2160p.WEB-DL.H265.AAC-BlackTV 9.87GB.torrent,magnet:?xt=urn:btih:D37A7BC72D0D8DF50086E30AD64FF7CFBFA37BA5,电视剧,1,2160p,BlackTV,9.87,隔离死城,Containment,Containment,美国,2016,62919,
雪国列车(剧版).第二季[全10集][简繁英字幕].Snowpiercer.S02.1080p.NowPlayer.WEB-DL.DD5.1.H.264-BlackTV 16.49GB.torrent,magnet:?xt=urn:btih:10CBCFBBB74CD37B166188F7E4DDAB36D2C0E59B,电视剧,2,1080p,BlackTV,16.49,雪国列车,Snowpiercer,Snowpiercer,美国,2020,79680,
雷殛元首[全4集][简繁英字幕].Death.by.Lightning.S01.1080p.NF.WEB-DL.DDP.5.1.Atmos.H.264-BlackTV 8.22GB.torrent,magnet:?xt=urn:btih:2271C5390B3A39C4EEAF59B46FBDB5BBCDDCAF56,电视剧,1,1080p,BlackTV,8.22,雷殛元首,Death by Lightning,Death by Lightning,美国,2025,245219,
青春之春[全10集][简繁英字幕].Spring.of.Youth.S01.1080p.NF.WEB-DL.AAC.2.0.H.264-BlackTV 23.40GB.torrent,magnet:?xt=urn:btih:3DD8908B79E9712FABCB05F93C04D3EE1B44FE5F,电视剧,1,1080p,BlackTV,23.4,四季之春,Spring of Youth,사계의 봄,韩国,2025,280016,
面目全非.第二季[全8集][简繁英字幕].FUBAR.S02.1080p.NF.WEB-DL.DDP.5.1.Atmos.H.264-BlackTV 14.71GB.torrent,magnet:?xt=urn:btih:E6DEA1D7CBA9269F15C920BFDEBC9114B22086E6,电视剧,2,1080p,BlackTV,14.71,面目全非,FUBAR,FUBAR,美国,2023,221300,
风尘车手[杜比视界版本][全8集][简繁英字幕].Duster.S01.2160p.Max.WEB-DL.DDP.5.1.Atmos.DV.H.265-BlackTV 60.09GB.torrent,magnet:?xt=urn:btih:6590A11C04DA937557F718119FFDF123A7CCD0AD,电视剧,1,2160p,BlackTV,60.09,德斯特,Duster,Duster,美国,2025,113959,
马尔科姆的一家.第三季[全22集][简繁英字幕].Malcolm.in.the.Middle.S03.1080p.DSNP.WEB-DL.DDP.5.1.H.264-BlackTV 26.00GB.torrent,magnet:?xt=urn:btih:947EC6278B65464FAD0FDBABE6C8D724C9DB7B5C,电视剧,3,1080p,BlackTV,26.0,马尔科姆的一家,Malcolm in the Middle,Malcolm in the Middle,美国,2000,2004,
马尔科姆的一家：生活依旧不公[杜比视界版本][全4集][简繁英字幕].2160p.DSNP.WEB-DL.DDP.5.1.DV.H.265-BlackTV 13.19GB.torrent,magnet:?xt=urn:btih:4DFDC073BE6DA46935859F461734343C88C34A53,电视剧,,2160p,BlackTV,13.19,马尔科姆的一家：生活依旧不公,Malcolm in the Middle: Life's Still Unfair,Malcolm in the Middle: Life's Still Unfair,美国,2026,279471,
驻院医生.第六季[全13集][简繁英字幕].The.Resident.S06.1080p.NF.WEB-DL.DDP.5.1.H.264-BlackTV 22.41GB.torrent,magnet:?xt=urn:btih:1F527B53D5CC592910A990F0D98BA2A2881086D3,电视剧,6,1080p,BlackTV,22.41,驻院医生,The Resident,The Resident,美国,2018,74016,
鬼之执行长[全40集][国语配音中文字幕].Trick.or.Love.S01.1080p.Linetv.WEB-DL.AAC2.0.H.264-BlackTV 80.67GB.torrent,magnet:?xt=urn:btih:E0AB10DF5450CBC732CF42DF9EAE4D28FD167BA4,电视剧,1,1080p,BlackTV,80.67,鬼之执行长,Trick or Love,鬼之執行長,台湾,2023,228238,
魔女[全10集][中文字幕].The.Witch.S01.1080p.WEB-DL.AAC2.0.H.264-BlackTV 36.63GB.torrent,magnet:?xt=urn:btih:D9215996B07C20A2B069AB1A4603D088D9F7C859,动漫,1,1080p,BlackTV,36.63,魔女之旅,Wandering Witch: The Journey of Elaina,魔女の旅々,日本,2020,94693,
鱿鱼游戏.第二季[全7集][简繁英字幕].Squid.Game.S02.2160p.NF.WEB-DL.DDP.5.1.Atmos.HDR10.H.265-BlackTV 44.77GB.torrent,magnet:?xt=urn:btih:0A9A41434E9ECAC80BBF5959037C99A045B89684,电视剧,2,2160p,BlackTV,44.77,鱿鱼游戏,Squid Game,오징어 게임,韩国,2021,93405,
黄真伊[全29集][国韩多音轨简繁字幕].Hwang.Jin.Yi.S01.1080p.MyTVSuper.WEB-DL.AAC2.0.H.265-BlackTV 36.94GB.torrent,magnet:?xt=urn:btih:533BA548EB49A977AF524BDEEAB165AB8C3F0C43,电视剧,1,1080p,BlackTV,36.94,黄真伊,Hwang Jin Yi,황진이,韩国,2006,6702,
黄石.第四季[全10集][中文字幕].Yellowstone.S04.1080p.CATCHPLAY.WEB-DL.AAC2.0.H.264-BlackTV 14.58GB.torrent,magnet:?xt=urn:btih:0A7927B9ADAFBD79EC9D9CB0DCA1579D04A4ADCB,电视剧,4,1080p,BlackTV,14.58,黄石,Yellowstone,Yellowstone,美国,2018,73586,
黑夜告白[全28集][国语音轨简繁英字幕].Light.to.the.Night.S01.1080p.NF.WEB-DL.AAC.2.0.H.264-BlackTV 52.06GB.torrent,magnet:?xt=urn:btih:9E952D2730DD7E764CCCD9C115ABDECE98ADCC56,电视剧,1,1080p,BlackTV,52.06,黑夜告白,Light to the Night,黑夜告白,中国,2026,254498,
黑社会的我成为了高中生[全8集][中文字幕].1080p.LINETV.WEB-DL.AAC2.0.H.264-BlackTV 7.99GB.torrent,magnet:?xt=urn:btih:154E899925CDD70624F2A7D9C6E43834BA3904C8,电视剧,,1080p,BlackTV,7.99,黑帮的我成了高中生,High School Return of a Gangster,조폭인 내가 고등학생이 되었습니다,韩国,2024,224030,
黑色丽人.第一季[全16集][简繁英字幕].Beauty.in.Black.S01.2160p.NF.WEB-DL.DDP.5.1.Atmos.H.265-BlackTV 64.98GB.torrent,magnet:?xt=urn:btih:836B2D39693F69C1F95F6313DDED6082077BE33F,电视剧,1,2160p,BlackTV,64.98,黑色丽人,Beauty in Black,Beauty in Black,美国,2024,246246,
黑色丽人.第二季[全16集][简繁英字幕].Beauty.in.Black.S02.2160p.NF.WEB-DL.DDP.5.1.Atmos.H.265-BlackTV 69.73GB.torrent,magnet:?xt=urn:btih:185521D5C23441212E91344DDBE474828AECB268,电视剧,2,2160p,BlackTV,69.73,黑色丽人,Beauty in Black,Beauty in Black,美国,2024,246246,
黑色孤儿：回响[全10集][简繁英字幕].Orphan.Black.Echoes.S01.1080p.NowPlayer.WEB-DL.DD2.0.H.264-BlackTV 15.26GB.torrent,magnet:?xt=urn:btih:2FB1771E288ED2079669E8DF0A3C350ECDF309DB,电视剧,1,1080p,BlackTV,15.26,黑色孤儿：回响,Orphan Black: Echoes,Orphan Black: Echoes,美国,2024,206916,
默多家族：弑亲骇闻[杜比视界版本][全8集][简繁英字幕].2160p.DSNP.WEB-DL.DDP.5.1.DV.H.265-BlackTV 48.10GB.torrent,magnet:?xt=urn:btih:24CB9B8BA3964DC97E0318F473ADFF86EDED234C,电视剧,,2160p,BlackTV,48.1,默多家族：弑亲骇闻,Murdaugh: Death in the Family,Murdaugh: Death in the Family,美国,2025,270734,
